study,trat,rep,leaf,dai,sev
1,UCBV03,1,1,4,1
1,UCBV03,1,2,4,3
1,UCBV03,1,3,4,3
1,UCBV03,1,4,4,3
1,UCBV03,2,1,4,2
1,UCBV03,2,2,4,2
1,UCBV03,2,3,4,2
1,UCBV03,2,4,4,2
1,UCBV03,3,1,4,5
1,UCBV03,3,2,4,3
1,UCBV03,3,3,4,2
1,UCBV03,3,4,4,3
1,UCBV03,4,1,4,2
1,UCBV03,4,2,4,3
1,UCBV03,4,3,4,3
1,UCBV03,4,4,4,3
1,UCBV03,5,1,4,2
1,UCBV03,5,2,4,2
1,UCBV03,5,3,4,2
1,UCBV03,5,4,4,4
1,UCBV03,6,1,4,1
1,UCBV03,6,2,4,1
1,UCBV03,6,3,4,2
1,UCBV03,6,4,4,2
1,UCBV05,1,1,4,3
1,UCBV05,1,2,4,4
1,UCBV05,1,3,4,4
1,UCBV05,1,4,4,5
1,UCBV05,2,1,4,3.5
1,UCBV05,2,2,4,5
1,UCBV05,2,3,4,4
1,UCBV05,2,4,4,5.5
1,UCBV05,3,1,4,2
1,UCBV05,3,2,4,2
1,UCBV05,3,3,4,1
1,UCBV05,3,4,4,2
1,UCBV05,4,1,4,0.5
1,UCBV05,4,2,4,0.5
1,UCBV05,4,3,4,0.5
1,UCBV05,4,4,4,0.5
1,UCBV05,5,1,4,3
1,UCBV05,5,2,4,3
1,UCBV05,5,3,4,2.5
1,UCBV05,5,4,4,2.5
1,UCBV05,6,1,4,0.1
1,UCBV05,6,2,4,0.1
1,UCBV05,6,3,4,1
1,UCBV05,6,4,4,2
1,UCBV06,1,1,4,1.5
1,UCBV06,1,2,4,1
1,UCBV06,1,3,4,2.5
1,UCBV06,1,4,4,2
1,UCBV06,2,1,4,1.5
1,UCBV06,2,2,4,2
1,UCBV06,2,3,4,3.5
1,UCBV06,2,4,4,2.5
1,UCBV06,3,1,4,NA
1,UCBV06,3,2,4,NA
1,UCBV06,3,3,4,NA
1,UCBV06,3,4,4,NA
1,UCBV06,4,1,4,1
1,UCBV06,4,2,4,1
1,UCBV06,4,3,4,2.5
1,UCBV06,4,4,4,2
1,UCBV06,5,1,4,5
1,UCBV06,5,2,4,1.5
1,UCBV06,5,3,4,3.5
1,UCBV06,5,4,4,2
1,UCBV06,6,1,4,4
1,UCBV06,6,2,4,3
1,UCBV06,6,3,4,5
1,UCBV06,6,4,4,3
1,UCBV07,1,1,4,1
1,UCBV07,1,2,4,1
1,UCBV07,1,3,4,1
1,UCBV07,1,4,4,1
1,UCBV07,2,1,4,0.5
1,UCBV07,2,2,4,1
1,UCBV07,2,3,4,1
1,UCBV07,2,4,4,0.5
1,UCBV07,3,1,4,0.5
1,UCBV07,3,2,4,0.1
1,UCBV07,3,3,4,0.5
1,UCBV07,3,4,4,1
1,UCBV07,4,1,4,0.1
1,UCBV07,4,2,4,0.1
1,UCBV07,4,3,4,3
1,UCBV07,4,4,4,2
1,UCBV07,5,1,4,1
1,UCBV07,5,2,4,1
1,UCBV07,5,3,4,1
1,UCBV07,5,4,4,1
1,UCBV07,6,1,4,1
1,UCBV07,6,2,4,1
1,UCBV07,6,3,4,1
1,UCBV07,6,4,4,2
1,UCBV17,1,1,4,1
1,UCBV17,1,2,4,0.5
1,UCBV17,1,3,4,1
1,UCBV17,1,4,4,0.5
1,UCBV17,2,1,4,2
1,UCBV17,2,2,4,2
1,UCBV17,2,3,4,3
1,UCBV17,2,4,4,4
1,UCBV17,3,1,4,1
1,UCBV17,3,2,4,0.1
1,UCBV17,3,3,4,0.1
1,UCBV17,3,4,4,1
1,UCBV17,4,1,4,2
1,UCBV17,4,2,4,3.5
1,UCBV17,4,3,4,2
1,UCBV17,4,4,4,4
1,UCBV17,5,1,4,3
1,UCBV17,5,2,4,1
1,UCBV17,5,3,4,1.5
1,UCBV17,5,4,4,2
1,UCBV17,6,1,4,1
1,UCBV17,6,2,4,2
1,UCBV17,6,3,4,2
1,UCBV17,6,4,4,3
1,UCBV38,1,1,4,1
1,UCBV38,1,2,4,2
1,UCBV38,1,3,4,2
1,UCBV38,1,4,4,2
1,UCBV38,2,1,4,1
1,UCBV38,2,2,4,1
1,UCBV38,2,3,4,2
1,UCBV38,2,4,4,2
1,UCBV38,3,1,4,4
1,UCBV38,3,2,4,1
1,UCBV38,3,3,4,4
1,UCBV38,3,4,4,2
1,UCBV38,4,1,4,1
1,UCBV38,4,2,4,2
1,UCBV38,4,3,4,3
1,UCBV38,4,4,4,4
1,UCBV38,5,1,4,0.1
1,UCBV38,5,2,4,2
1,UCBV38,5,3,4,2.5
1,UCBV38,5,4,4,2
1,UCBV38,6,1,4,2.5
1,UCBV38,6,2,4,2
1,UCBV38,6,3,4,3.5
1,UCBV38,6,4,4,3.5
1,UCBV97,1,1,4,2
1,UCBV97,1,2,4,2
1,UCBV97,1,3,4,2
1,UCBV97,1,4,4,1
1,UCBV97,2,1,4,5
1,UCBV97,2,2,4,4
1,UCBV97,2,3,4,4
1,UCBV97,2,4,4,3
1,UCBV97,3,1,4,1
1,UCBV97,3,2,4,1
1,UCBV97,3,3,4,2
1,UCBV97,3,4,4,1
1,UCBV97,4,1,4,2
1,UCBV97,4,2,4,0.1
1,UCBV97,4,3,4,1
1,UCBV97,4,4,4,3.5
1,UCBV97,5,1,4,1
1,UCBV97,5,2,4,1.5
1,UCBV97,5,3,4,1.5
1,UCBV97,5,4,4,2
1,UCBV97,6,1,4,4
1,UCBV97,6,2,4,3
1,UCBV97,6,3,4,3
1,UCBV97,6,4,4,2
1,UCBV101,1,1,4,0.1
1,UCBV101,1,2,4,2
1,UCBV101,1,3,4,2
1,UCBV101,1,4,4,2
1,UCBV101,2,1,4,5
1,UCBV101,2,2,4,4
1,UCBV101,2,3,4,4
1,UCBV101,2,4,4,5
1,UCBV101,3,1,4,2.5
1,UCBV101,3,2,4,3.5
1,UCBV101,3,3,4,3.5
1,UCBV101,3,4,4,5.5
1,UCBV101,4,1,4,1
1,UCBV101,4,2,4,3
1,UCBV101,4,3,4,3
1,UCBV101,4,4,4,3
1,UCBV101,5,1,4,2
1,UCBV101,5,2,4,3
1,UCBV101,5,3,4,3
1,UCBV101,5,4,4,3
1,UCBV101,6,1,4,1.5
1,UCBV101,6,2,4,2
1,UCBV101,6,3,4,3.5
1,UCBV101,6,4,4,4
1,UCBV133,1,1,4,2
1,UCBV133,1,2,4,2
1,UCBV133,1,3,4,2
1,UCBV133,1,4,4,1
1,UCBV133,2,1,4,0.1
1,UCBV133,2,2,4,0.1
1,UCBV133,2,3,4,1
1,UCBV133,2,4,4,0.1
1,UCBV133,3,1,4,0.5
1,UCBV133,3,2,4,0.5
1,UCBV133,3,3,4,0.1
1,UCBV133,3,4,4,2
1,UCBV133,4,1,4,1
1,UCBV133,4,2,4,2.5
1,UCBV133,4,3,4,2
1,UCBV133,4,4,4,2
1,UCBV133,5,1,4,1.5
1,UCBV133,5,2,4,1.5
1,UCBV133,5,3,4,1
1,UCBV133,5,4,4,2
1,UCBV133,6,1,4,0.5
1,UCBV133,6,2,4,0.5
1,UCBV133,6,3,4,0.5
1,UCBV133,6,4,4,0.5
1,CONT,1,1,4,3
1,CONT,1,2,4,5
1,CONT,1,3,4,6
1,CONT,1,4,4,7
1,CONT,2,1,4,2.5
1,CONT,2,2,4,3.5
1,CONT,2,3,4,4.5
1,CONT,2,4,4,4
1,CONT,3,1,4,4
1,CONT,3,2,4,8
1,CONT,3,3,4,2.5
1,CONT,3,4,4,4
1,CONT,4,1,4,5
1,CONT,4,2,4,5
1,CONT,4,3,4,5
1,CONT,4,4,4,6
1,CONT,5,1,4,3.5
1,CONT,5,2,4,6
1,CONT,5,3,4,6
1,CONT,5,4,4,7
1,CONT,6,1,4,2
1,CONT,6,2,4,2
1,CONT,6,3,4,2
1,CONT,6,4,4,3.5
1,FUNG,1,1,4,0
1,FUNG,1,2,4,0.1
1,FUNG,1,3,4,0.1
1,FUNG,1,4,4,0
1,FUNG,2,1,4,0
1,FUNG,2,2,4,0
1,FUNG,2,3,4,0
1,FUNG,2,4,4,0.1
1,FUNG,3,1,4,0
1,FUNG,3,2,4,0
1,FUNG,3,3,4,0
1,FUNG,3,4,4,0
1,FUNG,4,1,4,0
1,FUNG,4,2,4,0
1,FUNG,4,3,4,0
1,FUNG,4,4,4,0
1,FUNG,5,1,4,0
1,FUNG,5,2,4,0
1,FUNG,5,3,4,0
1,FUNG,5,4,4,0
1,FUNG,6,1,4,0
1,FUNG,6,2,4,0.1
1,FUNG,6,3,4,0
1,FUNG,6,4,4,0
1,UCBV03,1,1,6,5
1,UCBV03,1,2,6,8
1,UCBV03,1,3,6,12
1,UCBV03,1,4,6,10
1,UCBV03,2,1,6,12
1,UCBV03,2,2,6,12
1,UCBV03,2,3,6,10
1,UCBV03,2,4,6,10
1,UCBV03,3,1,6,10
1,UCBV03,3,2,6,10
1,UCBV03,3,3,6,7.5
1,UCBV03,3,4,6,7.5
1,UCBV03,4,1,6,8
1,UCBV03,4,2,6,12
1,UCBV03,4,3,6,15
1,UCBV03,4,4,6,30
1,UCBV03,5,1,6,12
1,UCBV03,5,2,6,10
1,UCBV03,5,3,6,10
1,UCBV03,5,4,6,12
1,UCBV03,6,1,6,5
1,UCBV03,6,2,6,6
1,UCBV03,6,3,6,5
1,UCBV03,6,4,6,7
1,UCBV05,1,1,6,20
1,UCBV05,1,2,6,12
1,UCBV05,1,3,6,25
1,UCBV05,1,4,6,15
1,UCBV05,2,1,6,15
1,UCBV05,2,2,6,30
1,UCBV05,2,3,6,18
1,UCBV05,2,4,6,30
1,UCBV05,3,1,6,3
1,UCBV05,3,2,6,3
1,UCBV05,3,3,6,3
1,UCBV05,3,4,6,3
1,UCBV05,4,1,6,1
1,UCBV05,4,2,6,1
1,UCBV05,4,3,6,2
1,UCBV05,4,4,6,0.1
1,UCBV05,5,1,6,15
1,UCBV05,5,2,6,15
1,UCBV05,5,3,6,20
1,UCBV05,5,4,6,18
1,UCBV05,6,1,6,2
1,UCBV05,6,2,6,2
1,UCBV05,6,3,6,4
1,UCBV05,6,4,6,4
1,UCBV06,1,1,6,8
1,UCBV06,1,2,6,8
1,UCBV06,1,3,6,10
1,UCBV06,1,4,6,10
1,UCBV06,2,1,6,7
1,UCBV06,2,2,6,12
1,UCBV06,2,3,6,14
1,UCBV06,2,4,6,10
1,UCBV06,3,1,6,
1,UCBV06,3,2,6,
1,UCBV06,3,3,6,
1,UCBV06,3,4,6,
1,UCBV06,4,1,6,15
1,UCBV06,4,2,6,10
1,UCBV06,4,3,6,15
1,UCBV06,4,4,6,12
1,UCBV06,5,1,6,18
1,UCBV06,5,2,6,10
1,UCBV06,5,3,6,12
1,UCBV06,5,4,6,10
1,UCBV06,6,1,6,12
1,UCBV06,6,2,6,15
1,UCBV06,6,3,6,65
1,UCBV06,6,4,6,18
1,UCBV07,1,1,6,7
1,UCBV07,1,2,6,5
1,UCBV07,1,3,6,3.5
1,UCBV07,1,4,6,4
1,UCBV07,2,1,6,2
1,UCBV07,2,2,6,3
1,UCBV07,2,3,6,4
1,UCBV07,2,4,6,3
1,UCBV07,3,1,6,4
1,UCBV07,3,2,6,2.5
1,UCBV07,3,3,6,4
1,UCBV07,3,4,6,3
1,UCBV07,4,1,6,2
1,UCBV07,4,2,6,2
1,UCBV07,4,3,6,5
1,UCBV07,4,4,6,3.5
1,UCBV07,5,1,6,8
1,UCBV07,5,2,6,7
1,UCBV07,5,3,6,4
1,UCBV07,5,4,6,4
1,UCBV07,6,1,6,3
1,UCBV07,6,2,6,3
1,UCBV07,6,3,6,5
1,UCBV07,6,4,6,5
1,UCBV17,1,1,6,8
1,UCBV17,1,2,6,5
1,UCBV17,1,3,6,6
1,UCBV17,1,4,6,5
1,UCBV17,2,1,6,8
1,UCBV17,2,2,6,8
1,UCBV17,2,3,6,12
1,UCBV17,2,4,6,15
1,UCBV17,3,1,6,2
1,UCBV17,3,2,6,2
1,UCBV17,3,3,6,2.5
1,UCBV17,3,4,6,3.5
1,UCBV17,4,1,6,5
1,UCBV17,4,2,6,15
1,UCBV17,4,3,6,8
1,UCBV17,4,4,6,25
1,UCBV17,5,1,6,12
1,UCBV17,5,2,6,2.5
1,UCBV17,5,3,6,8
1,UCBV17,5,4,6,8
1,UCBV17,6,1,6,1
1,UCBV17,6,2,6,3
1,UCBV17,6,3,6,3
1,UCBV17,6,4,6,5
1,UCBV38,1,1,6,7
1,UCBV38,1,2,6,10
1,UCBV38,1,3,6,12
1,UCBV38,1,4,6,12
1,UCBV38,2,1,6,5
1,UCBV38,2,2,6,5
1,UCBV38,2,3,6,6
1,UCBV38,2,4,6,5
1,UCBV38,3,1,6,18
1,UCBV38,3,2,6,10
1,UCBV38,3,3,6,15
1,UCBV38,3,4,6,12
1,UCBV38,4,1,6,3
1,UCBV38,4,2,6,5
1,UCBV38,4,3,6,12
1,UCBV38,4,4,6,20
1,UCBV38,5,1,6,3
1,UCBV38,5,2,6,5
1,UCBV38,5,3,6,4
1,UCBV38,5,4,6,4
1,UCBV38,6,1,6,8
1,UCBV38,6,2,6,8
1,UCBV38,6,3,6,15
1,UCBV38,6,4,6,15
1,UCBV97,1,1,6,3.5
1,UCBV97,1,2,6,3.5
1,UCBV97,1,3,6,4
1,UCBV97,1,4,6,1
1,UCBV97,2,1,6,25
1,UCBV97,2,2,6,25
1,UCBV97,2,3,6,30
1,UCBV97,2,4,6,15
1,UCBV97,3,1,6,3
1,UCBV97,3,2,6,2.5
1,UCBV97,3,3,6,4
1,UCBV97,3,4,6,4
1,UCBV97,4,1,6,5
1,UCBV97,4,2,6,4
1,UCBV97,4,3,6,5
1,UCBV97,4,4,6,8
1,UCBV97,5,1,6,3
1,UCBV97,5,2,6,2.5
1,UCBV97,5,3,6,3
1,UCBV97,5,4,6,5
1,UCBV97,6,1,6,12
1,UCBV97,6,2,6,8
1,UCBV97,6,3,6,8
1,UCBV97,6,4,6,8
1,UCBV101,1,1,6,1
1,UCBV101,1,2,6,3
1,UCBV101,1,3,6,4
1,UCBV101,1,4,6,8
1,UCBV101,2,1,6,20
1,UCBV101,2,2,6,20
1,UCBV101,2,3,6,15
1,UCBV101,2,4,6,60
1,UCBV101,3,1,6,12
1,UCBV101,3,2,6,12
1,UCBV101,3,3,6,15
1,UCBV101,3,4,6,60
1,UCBV101,4,1,6,8
1,UCBV101,4,2,6,10
1,UCBV101,4,3,6,12
1,UCBV101,4,4,6,15
1,UCBV101,5,1,6,12
1,UCBV101,5,2,6,15
1,UCBV101,5,3,6,15
1,UCBV101,5,4,6,12
1,UCBV101,6,1,6,8
1,UCBV101,6,2,6,10
1,UCBV101,6,3,6,10
1,UCBV101,6,4,6,12
1,UCBV133,1,1,6,5
1,UCBV133,1,2,6,4
1,UCBV133,1,3,6,6
1,UCBV133,1,4,6,5
1,UCBV133,2,1,6,0.1
1,UCBV133,2,2,6,1
1,UCBV133,2,3,6,1
1,UCBV133,2,4,6,1
1,UCBV133,3,1,6,6
1,UCBV133,3,2,6,6
1,UCBV133,3,3,6,3
1,UCBV133,3,4,6,5
1,UCBV133,4,1,6,4
1,UCBV133,4,2,6,12
1,UCBV133,4,3,6,10
1,UCBV133,4,4,6,10
1,UCBV133,5,1,6,3.5
1,UCBV133,5,2,6,3
1,UCBV133,5,3,6,3.5
1,UCBV133,5,4,6,2.5
1,UCBV133,6,1,6,1
1,UCBV133,6,2,6,2
1,UCBV133,6,3,6,2
1,UCBV133,6,4,6,2
1,CONT,1,1,6,15
1,CONT,1,2,6,30
1,CONT,1,3,6,50
1,CONT,1,4,6,25
1,CONT,2,1,6,8
1,CONT,2,2,6,15
1,CONT,2,3,6,12
1,CONT,2,4,6,15
1,CONT,3,1,6,12
1,CONT,3,2,6,40
1,CONT,3,3,6,5
1,CONT,3,4,6,15
1,CONT,4,1,6,60
1,CONT,4,2,6,60
1,CONT,4,3,6,62
1,CONT,4,4,6,58
1,CONT,5,1,6,18
1,CONT,5,2,6,70
1,CONT,5,3,6,62
1,CONT,5,4,6,60
1,CONT,6,1,6,3
1,CONT,6,2,6,4
1,CONT,6,3,6,5
1,CONT,6,4,6,6
1,FUNG,1,1,6,0
1,FUNG,1,2,6,1
1,FUNG,1,3,6,1
1,FUNG,1,4,6,1
1,FUNG,2,1,6,0.1
1,FUNG,2,2,6,0
1,FUNG,2,3,6,0.1
1,FUNG,2,4,6,0.1
1,FUNG,3,1,6,0
1,FUNG,3,2,6,0.1
1,FUNG,3,3,6,0.1
1,FUNG,3,4,6,0.1
1,FUNG,4,1,6,0
1,FUNG,4,2,6,0.1
1,FUNG,4,3,6,0
1,FUNG,4,4,6,0.1
1,FUNG,5,1,6,1
1,FUNG,5,2,6,1
1,FUNG,5,3,6,0
1,FUNG,5,4,6,1
1,FUNG,6,1,6,0
1,FUNG,6,2,6,0.5
1,FUNG,6,3,6,0.5
1,FUNG,6,4,6,0.5
1,UCBV03,1,1,8,15
1,UCBV03,1,2,8,30
1,UCBV03,1,3,8,100
1,UCBV03,1,4,8,40
1,UCBV03,2,1,8,80
1,UCBV03,2,2,8,85
1,UCBV03,2,3,8,50
1,UCBV03,2,4,8,25
1,UCBV03,3,1,8,100
1,UCBV03,3,2,8,30
1,UCBV03,3,3,8,15
1,UCBV03,3,4,8,20
1,UCBV03,4,1,8,40
1,UCBV03,4,2,8,70
1,UCBV03,4,3,8,55
1,UCBV03,4,4,8,100
1,UCBV03,5,1,8,40
1,UCBV03,5,2,8,43
1,UCBV03,5,3,8,50
1,UCBV03,5,4,8,30
1,UCBV03,6,1,8,25
1,UCBV03,6,2,8,25
1,UCBV03,6,3,8,18
1,UCBV03,6,4,8,30
1,UCBV05,1,1,8,95
1,UCBV05,1,2,8,100
1,UCBV05,1,3,8,100
1,UCBV05,1,4,8,100
1,UCBV05,2,1,8,100
1,UCBV05,2,2,8,100
1,UCBV05,2,3,8,100
1,UCBV05,2,4,8,100
1,UCBV05,3,1,8,10
1,UCBV05,3,2,8,12
1,UCBV05,3,3,8,15
1,UCBV05,3,4,8,20
1,UCBV05,4,1,8,2
1,UCBV05,4,2,8,4.5
1,UCBV05,4,3,8,3.5
1,UCBV05,4,4,8,2
1,UCBV05,5,1,8,80
1,UCBV05,5,2,8,100
1,UCBV05,5,3,8,80
1,UCBV05,5,4,8,70
1,UCBV05,6,1,8,12
1,UCBV05,6,2,8,10
1,UCBV05,6,3,8,20
1,UCBV05,6,4,8,20
1,UCBV06,1,1,8,100
1,UCBV06,1,2,8,25
1,UCBV06,1,3,8,50
1,UCBV06,1,4,8,45
1,UCBV06,2,1,8,100
1,UCBV06,2,2,8,100
1,UCBV06,2,3,8,90
1,UCBV06,2,4,8,60
1,UCBV06,3,1,8,
1,UCBV06,3,2,8,
1,UCBV06,3,3,8,
1,UCBV06,3,4,8,
1,UCBV06,4,1,8,60
1,UCBV06,4,2,8,30
1,UCBV06,4,3,8,100
1,UCBV06,4,4,8,55
1,UCBV06,5,1,8,90
1,UCBV06,5,2,8,45
1,UCBV06,5,3,8,60
1,UCBV06,5,4,8,30
1,UCBV06,6,1,8,100
1,UCBV06,6,2,8,90
1,UCBV06,6,3,8,100
1,UCBV06,6,4,8,70
1,UCBV07,1,1,8,20
1,UCBV07,1,2,8,30
1,UCBV07,1,3,8,10
1,UCBV07,1,4,8,12
1,UCBV07,2,1,8,3
1,UCBV07,2,2,8,10
1,UCBV07,2,3,8,10
1,UCBV07,2,4,8,10
1,UCBV07,3,1,8,15
1,UCBV07,3,2,8,12
1,UCBV07,3,3,8,12
1,UCBV07,3,4,8,10
1,UCBV07,4,1,8,10
1,UCBV07,4,2,8,13
1,UCBV07,4,3,8,25
1,UCBV07,4,4,8,18
1,UCBV07,5,1,8,
1,UCBV07,5,2,8,15
1,UCBV07,5,3,8,6
1,UCBV07,5,4,8,10
1,UCBV07,6,1,8,5
1,UCBV07,6,2,8,6
1,UCBV07,6,3,8,7
1,UCBV07,6,4,8,5
1,UCBV17,1,1,8,15
1,UCBV17,1,2,8,15
1,UCBV17,1,3,8,18
1,UCBV17,1,4,8,12
1,UCBV17,2,1,8,30
1,UCBV17,2,2,8,95
1,UCBV17,2,3,8,100
1,UCBV17,2,4,8,90
1,UCBV17,3,1,8,5
1,UCBV17,3,2,8,8
1,UCBV17,3,3,8,12
1,UCBV17,3,4,8,15
1,UCBV17,4,1,8,35
1,UCBV17,4,2,8,95
1,UCBV17,4,3,8,70
1,UCBV17,4,4,8,100
1,UCBV17,5,1,8,100
1,UCBV17,5,2,8,12
1,UCBV17,5,3,8,30
1,UCBV17,5,4,8,30
1,UCBV17,6,1,8,5
1,UCBV17,6,2,8,18
1,UCBV17,6,3,8,18
1,UCBV17,6,4,8,20
1,UCBV38,1,1,8,30
1,UCBV38,1,2,8,30
1,UCBV38,1,3,8,50
1,UCBV38,1,4,8,20
1,UCBV38,2,1,8,20
1,UCBV38,2,2,8,22
1,UCBV38,2,3,8,45
1,UCBV38,2,4,8,40
1,UCBV38,3,1,8,100
1,UCBV38,3,2,8,70
1,UCBV38,3,3,8,80
1,UCBV38,3,4,8,20
1,UCBV38,4,1,8,25
1,UCBV38,4,2,8,45
1,UCBV38,4,3,8,40
1,UCBV38,4,4,8,100
1,UCBV38,5,1,8,25
1,UCBV38,5,2,8,70
1,UCBV38,5,3,8,35
1,UCBV38,5,4,8,15
1,UCBV38,6,1,8,65
1,UCBV38,6,2,8,95
1,UCBV38,6,3,8,65
1,UCBV38,6,4,8,68
1,UCBV97,1,1,8,12
1,UCBV97,1,2,8,12
1,UCBV97,1,3,8,12
1,UCBV97,1,4,8,4
1,UCBV97,2,1,8,100
1,UCBV97,2,2,8,100
1,UCBV97,2,3,8,65
1,UCBV97,2,4,8,30
1,UCBV97,3,1,8,10
1,UCBV97,3,2,8,5
1,UCBV97,3,3,8,10
1,UCBV97,3,4,8,10
1,UCBV97,4,1,8,50
1,UCBV97,4,2,8,20
1,UCBV97,4,3,8,30
1,UCBV97,4,4,8,95
1,UCBV97,5,1,8,10
1,UCBV97,5,2,8,10
1,UCBV97,5,3,8,10
1,UCBV97,5,4,8,15
1,UCBV97,6,1,8,100
1,UCBV97,6,2,8,25
1,UCBV97,6,3,8,30
1,UCBV97,6,4,8,28
1,UCBV101,1,1,8,5
1,UCBV101,1,2,8,8
1,UCBV101,1,3,8,10
1,UCBV101,1,4,8,15
1,UCBV101,2,1,8,100
1,UCBV101,2,2,8,95
1,UCBV101,2,3,8,80
1,UCBV101,2,4,8,100
1,UCBV101,3,1,8,40
1,UCBV101,3,2,8,45
1,UCBV101,3,3,8,60
1,UCBV101,3,4,8,100
1,UCBV101,4,1,8,30
1,UCBV101,4,2,8,90
1,UCBV101,4,3,8,90
1,UCBV101,4,4,8,75
1,UCBV101,5,1,8,35
1,UCBV101,5,2,8,65
1,UCBV101,5,3,8,70
1,UCBV101,5,4,8,45
1,UCBV101,6,1,8,25
1,UCBV101,6,2,8,90
1,UCBV101,6,3,8,30
1,UCBV101,6,4,8,100
1,UCBV133,1,1,8,12
1,UCBV133,1,2,8,12
1,UCBV133,1,3,8,15
1,UCBV133,1,4,8,12
1,UCBV133,2,1,8,1
1,UCBV133,2,2,8,3
1,UCBV133,2,3,8,3
1,UCBV133,2,4,8,2.5
1,UCBV133,3,1,8,30
1,UCBV133,3,2,8,15
1,UCBV133,3,3,8,18
1,UCBV133,3,4,8,25
1,UCBV133,4,1,8,75
1,UCBV133,4,2,8,
1,UCBV133,4,3,8,35
1,UCBV133,4,4,8,60
1,UCBV133,5,1,8,15
1,UCBV133,5,2,8,15
1,UCBV133,5,3,8,15
1,UCBV133,5,4,8,12
1,UCBV133,6,1,8,4.5
1,UCBV133,6,2,8,8
1,UCBV133,6,3,8,8.5
1,UCBV133,6,4,8,10
1,CONT,1,1,8,100
1,CONT,1,2,8,100
1,CONT,1,3,8,98
1,CONT,1,4,8,80
1,CONT,2,1,8,20
1,CONT,2,2,8,40
1,CONT,2,3,8,35
1,CONT,2,4,8,45
1,CONT,3,1,8,100
1,CONT,3,2,8,90
1,CONT,3,3,8,20
1,CONT,3,4,8,60
1,CONT,4,1,8,95
1,CONT,4,2,8,90
1,CONT,4,3,8,98
1,CONT,4,4,8,70
1,CONT,5,1,8,70
1,CONT,5,2,8,100
1,CONT,5,3,8,85
1,CONT,5,4,8,100
1,CONT,6,1,8,12
1,CONT,6,2,8,13
1,CONT,6,3,8,15
1,CONT,6,4,8,25
1,FUNG,1,1,8,0.1
1,FUNG,1,2,8,3
1,FUNG,1,3,8,3
1,FUNG,1,4,8,2.5
1,FUNG,2,1,8,1
1,FUNG,2,2,8,1
1,FUNG,2,3,8,0
1,FUNG,2,4,8,1
1,FUNG,3,1,8,0.1
1,FUNG,3,2,8,1
1,FUNG,3,3,8,1
1,FUNG,3,4,8,1
1,FUNG,4,1,8,0
1,FUNG,4,2,8,1
1,FUNG,4,3,8,1
1,FUNG,4,4,8,1
1,FUNG,5,1,8,2
1,FUNG,5,2,8,2
1,FUNG,5,3,8,1
1,FUNG,5,4,8,2.5
1,FUNG,6,1,8,1
1,FUNG,6,2,8,2
1,FUNG,6,3,8,2
1,FUNG,6,4,8,3
2,UCBV03,1,1,4,0.8
2,UCBV03,1,2,4,0.5
2,UCBV03,1,3,4,0.8
2,UCBV03,1,4,4,0.1
2,UCBV03,2,1,4,1.5
2,UCBV03,2,2,4,0.8
2,UCBV03,2,3,4,0.8
2,UCBV03,2,4,4,0.5
2,UCBV03,3,1,4,0.8
2,UCBV03,3,2,4,3
2,UCBV03,3,3,4,3.5
2,UCBV03,3,4,4,2.5
2,UCBV03,4,1,4,1.5
2,UCBV03,4,2,4,2
2,UCBV03,4,3,4,3
2,UCBV03,4,4,4,3
2,UCBV03,5,1,4,3
2,UCBV03,5,2,4,3
2,UCBV03,5,3,4,3
2,UCBV03,5,4,4,2.5
2,UCBV03,6,1,4,1
2,UCBV03,6,2,4,2
2,UCBV03,6,3,4,2.5
2,UCBV03,6,4,4,0.5
2,UCBV05,1,1,4,
2,UCBV05,1,2,4,
2,UCBV05,1,3,4,
2,UCBV05,1,4,4,
2,UCBV05,2,1,4,0.5
2,UCBV05,2,2,4,0.5
2,UCBV05,2,3,4,0.5
2,UCBV05,2,4,4,0.8
2,UCBV05,3,1,4,0.8
2,UCBV05,3,2,4,1
2,UCBV05,3,3,4,0.5
2,UCBV05,3,4,4,0.5
2,UCBV05,4,1,4,
2,UCBV05,4,2,4,0.8
2,UCBV05,4,3,4,0.8
2,UCBV05,4,4,4,0.8
2,UCBV05,5,1,4,1
2,UCBV05,5,2,4,1
2,UCBV05,5,3,4,0.5
2,UCBV05,5,4,4,0.5
2,UCBV05,6,1,4,0.5
2,UCBV05,6,2,4,0.8
2,UCBV05,6,3,4,1
2,UCBV05,6,4,4,0.8
2,UCBV06,1,1,4,0.5
2,UCBV06,1,2,4,0.5
2,UCBV06,1,3,4,2
2,UCBV06,1,4,4,2
2,UCBV06,2,1,4,1
2,UCBV06,2,2,4,1
2,UCBV06,2,3,4,1
2,UCBV06,2,4,4,1
2,UCBV06,3,1,4,0.1
2,UCBV06,3,2,4,0.5
2,UCBV06,3,3,4,0.5
2,UCBV06,3,4,4,0.5
2,UCBV06,4,1,4,3
2,UCBV06,4,2,4,3
2,UCBV06,4,3,4,3
2,UCBV06,4,4,4,3
2,UCBV06,5,1,4,0.8
2,UCBV06,5,2,4,1
2,UCBV06,5,3,4,2
2,UCBV06,5,4,4,0.8
2,UCBV06,6,1,4,
2,UCBV06,6,2,4,
2,UCBV06,6,3,4,
2,UCBV06,6,4,4,
2,UCBV07,1,1,4,0
2,UCBV07,1,2,4,0
2,UCBV07,1,3,4,0.1
2,UCBV07,1,4,4,0.5
2,UCBV07,2,1,4,0.1
2,UCBV07,2,2,4,0.8
2,UCBV07,2,3,4,1
2,UCBV07,2,4,4,1.5
2,UCBV07,3,1,4,0.5
2,UCBV07,3,2,4,0.5
2,UCBV07,3,3,4,0.1
2,UCBV07,3,4,4,0.5
2,UCBV07,4,1,4,1
2,UCBV07,4,2,4,1
2,UCBV07,4,3,4,1
2,UCBV07,4,4,4,1
2,UCBV07,5,1,4,
2,UCBV07,5,2,4,
2,UCBV07,5,3,4,
2,UCBV07,5,4,4,
2,UCBV07,6,1,4,0.1
2,UCBV07,6,2,4,0.5
2,UCBV07,6,3,4,3
2,UCBV07,6,4,4,1
2,UCBV17,1,1,4,0
2,UCBV17,1,2,4,0.1
2,UCBV17,1,3,4,0.5
2,UCBV17,1,4,4,0.1
2,UCBV17,2,1,4,0.5
2,UCBV17,2,2,4,0.5
2,UCBV17,2,3,4,0.5
2,UCBV17,2,4,4,0.5
2,UCBV17,3,1,4,0.1
2,UCBV17,3,2,4,0.5
2,UCBV17,3,3,4,0.1
2,UCBV17,3,4,4,0.1
2,UCBV17,4,1,4,0
2,UCBV17,4,2,4,0.1
2,UCBV17,4,3,4,0
2,UCBV17,4,4,4,0.1
2,UCBV17,5,1,4,
2,UCBV17,5,2,4,0.5
2,UCBV17,5,3,4,0.1
2,UCBV17,5,4,4,0.1
2,UCBV17,6,1,4,0.5
2,UCBV17,6,2,4,0.5
2,UCBV17,6,3,4,0
2,UCBV17,6,4,4,0.1
2,UCBV38,1,1,4,0.1
2,UCBV38,1,2,4,0.1
2,UCBV38,1,3,4,0
2,UCBV38,1,4,4,0.5
2,UCBV38,2,1,4,1
2,UCBV38,2,2,4,0.5
2,UCBV38,2,3,4,0.5
2,UCBV38,2,4,4,0.5
2,UCBV38,3,1,4,1
2,UCBV38,3,2,4,0.5
2,UCBV38,3,3,4,0.5
2,UCBV38,3,4,4,0.1
2,UCBV38,4,1,4,0.1
2,UCBV38,4,2,4,0.1
2,UCBV38,4,3,4,1
2,UCBV38,4,4,4,0.5
2,UCBV38,5,1,4,0
2,UCBV38,5,2,4,1
2,UCBV38,5,3,4,0.1
2,UCBV38,5,4,4,1
2,UCBV38,6,1,4,1
2,UCBV38,6,2,4,1.5
2,UCBV38,6,3,4,1.5
2,UCBV38,6,4,4,0.5
2,UCBV97,1,1,4,
2,UCBV97,1,2,4,
2,UCBV97,1,3,4,
2,UCBV97,1,4,4,
2,UCBV97,2,1,4,2
2,UCBV97,2,2,4,1.5
2,UCBV97,2,3,4,1.5
2,UCBV97,2,4,4,1.5
2,UCBV97,3,1,4,3
2,UCBV97,3,2,4,2.5
2,UCBV97,3,3,4,3
2,UCBV97,3,4,4,3
2,UCBV97,4,1,4,0.1
2,UCBV97,4,2,4,1
2,UCBV97,4,3,4,0.1
2,UCBV97,4,4,4,0.1
2,UCBV97,5,1,4,0.1
2,UCBV97,5,2,4,0.1
2,UCBV97,5,3,4,0.5
2,UCBV97,5,4,4,0.5
2,UCBV97,6,1,4,1
2,UCBV97,6,2,4,1
2,UCBV97,6,3,4,0.1
2,UCBV97,6,4,4,0.5
2,UCBV101,1,1,4,0.5
2,UCBV101,1,2,4,2
2,UCBV101,1,3,4,2
2,UCBV101,1,4,4,0.8
2,UCBV101,2,1,4,1
2,UCBV101,2,2,4,1
2,UCBV101,2,3,4,2
2,UCBV101,2,4,4,1
2,UCBV101,3,1,4,1
2,UCBV101,3,2,4,0.5
2,UCBV101,3,3,4,0.5
2,UCBV101,3,4,4,0.8
2,UCBV101,4,1,4,0.5
2,UCBV101,4,2,4,0.5
2,UCBV101,4,3,4,0.5
2,UCBV101,4,4,4,1
2,UCBV101,5,1,4,1
2,UCBV101,5,2,4,0.5
2,UCBV101,5,3,4,0.5
2,UCBV101,5,4,4,1
2,UCBV101,6,1,4,0.1
2,UCBV101,6,2,4,1
2,UCBV101,6,3,4,0.1
2,UCBV101,6,4,4,1
2,UCBV133,1,1,4,1
2,UCBV133,1,2,4,0.8
2,UCBV133,1,3,4,1
2,UCBV133,1,4,4,1
2,UCBV133,2,1,4,0.1
2,UCBV133,2,2,4,1
2,UCBV133,2,3,4,0.1
2,UCBV133,2,4,4,0.1
2,UCBV133,3,1,4,
2,UCBV133,3,2,4,
2,UCBV133,3,3,4,
2,UCBV133,3,4,4,
2,UCBV133,4,1,4,0.1
2,UCBV133,4,2,4,0.1
2,UCBV133,4,3,4,0.5
2,UCBV133,4,4,4,0.1
2,UCBV133,5,1,4,0.8
2,UCBV133,5,2,4,0.5
2,UCBV133,5,3,4,0.1
2,UCBV133,5,4,4,0.1
2,UCBV133,6,1,4,
2,UCBV133,6,2,4,
2,UCBV133,6,3,4,0.8
2,UCBV133,6,4,4,0.1
2,CONT,1,1,4,3.5
2,CONT,1,2,4,4
2,CONT,1,3,4,4
2,CONT,1,4,4,4
2,CONT,2,1,4,
2,CONT,2,2,4,
2,CONT,2,3,4,
2,CONT,2,4,4,
2,CONT,3,1,4,1.5
2,CONT,3,2,4,3
2,CONT,3,3,4,3
2,CONT,3,4,4,4
2,CONT,4,1,4,
2,CONT,4,2,4,2.5
2,CONT,4,3,4,2.5
2,CONT,4,4,4,2
2,CONT,5,1,4,1.5
2,CONT,5,2,4,2
2,CONT,5,3,4,2.5
2,CONT,5,4,4,3
2,CONT,6,1,4,3
2,CONT,6,2,4,3
2,CONT,6,3,4,3
2,CONT,6,4,4,3.5
2,FUNG,1,1,4,0
2,FUNG,1,2,4,0
2,FUNG,1,3,4,0
2,FUNG,1,4,4,0.1
2,FUNG,2,1,4,0
2,FUNG,2,2,4,0
2,FUNG,2,3,4,0
2,FUNG,2,4,4,0
2,FUNG,3,1,4,0
2,FUNG,3,2,4,0
2,FUNG,3,3,4,0
2,FUNG,3,4,4,0
2,FUNG,4,1,4,0
2,FUNG,4,2,4,0
2,FUNG,4,3,4,0
2,FUNG,4,4,4,0.1
2,FUNG,5,1,4,0
2,FUNG,5,2,4,0
2,FUNG,5,3,4,0
2,FUNG,5,4,4,0
2,FUNG,6,1,4,0
2,FUNG,6,2,4,NA
2,FUNG,6,3,4,0
2,FUNG,6,4,4,0
2,UCBV03,1,1,6,3
2,UCBV03,1,2,6,2
2,UCBV03,1,3,6,2
2,UCBV03,1,4,6,0.1
2,UCBV03,2,1,6,3
2,UCBV03,2,2,6,2.5
2,UCBV03,2,3,6,2.5
2,UCBV03,2,4,6,2
2,UCBV03,3,1,6,3
2,UCBV03,3,2,6,3
2,UCBV03,3,3,6,3.5
2,UCBV03,3,4,6,3.5
2,UCBV03,4,1,6,3.5
2,UCBV03,4,2,6,3.5
2,UCBV03,4,3,6,4
2,UCBV03,4,4,6,3.5
2,UCBV03,5,1,6,5
2,UCBV03,5,2,6,4.5
2,UCBV03,5,3,6,4.5
2,UCBV03,5,4,6,4.5
2,UCBV03,6,1,6,2
2,UCBV03,6,2,6,3
2,UCBV03,6,3,6,3
2,UCBV03,6,4,6,1
2,UCBV05,1,1,6,
2,UCBV05,1,2,6,
2,UCBV05,1,3,6,
2,UCBV05,1,4,6,
2,UCBV05,2,1,6,2.5
2,UCBV05,2,2,6,2
2,UCBV05,2,3,6,2.5
2,UCBV05,2,4,6,3
2,UCBV05,3,1,6,1.5
2,UCBV05,3,2,6,1.5
2,UCBV05,3,3,6,1.5
2,UCBV05,3,4,6,1
2,UCBV05,4,1,6,
2,UCBV05,4,2,6,1.5
2,UCBV05,4,3,6,1
2,UCBV05,4,4,6,1
2,UCBV05,5,1,6,0.5
2,UCBV05,5,2,6,0.8
2,UCBV05,5,3,6,0.5
2,UCBV05,5,4,6,0.5
2,UCBV05,6,1,6,1
2,UCBV05,6,2,6,1
2,UCBV05,6,3,6,1
2,UCBV05,6,4,6,1
2,UCBV06,1,1,6,0.8
2,UCBV06,1,2,6,1
2,UCBV06,1,3,6,3
2,UCBV06,1,4,6,3
2,UCBV06,2,1,6,2
2,UCBV06,2,2,6,2
2,UCBV06,2,3,6,2
2,UCBV06,2,4,6,3
2,UCBV06,3,1,6,1
2,UCBV06,3,2,6,1
2,UCBV06,3,3,6,2.5
2,UCBV06,3,4,6,1.5
2,UCBV06,4,1,6,5
2,UCBV06,4,2,6,3.5
2,UCBV06,4,3,6,3.5
2,UCBV06,4,4,6,3
2,UCBV06,5,1,6,3
2,UCBV06,5,2,6,3
2,UCBV06,5,3,6,3
2,UCBV06,5,4,6,1
2,UCBV06,6,1,6,
2,UCBV06,6,2,6,
2,UCBV06,6,3,6,
2,UCBV06,6,4,6,
2,UCBV07,1,1,6,1
2,UCBV07,1,2,6,0.1
2,UCBV07,1,3,6,0.8
2,UCBV07,1,4,6,2
2,UCBV07,2,1,6,1
2,UCBV07,2,2,6,2
2,UCBV07,2,3,6,1.5
2,UCBV07,2,4,6,1.5
2,UCBV07,3,1,6,0.5
2,UCBV07,3,2,6,0.8
2,UCBV07,3,3,6,0.5
2,UCBV07,3,4,6,1
2,UCBV07,4,1,6,2
2,UCBV07,4,2,6,1
2,UCBV07,4,3,6,1
2,UCBV07,4,4,6,0.5
2,UCBV07,5,1,6,
2,UCBV07,5,2,6,
2,UCBV07,5,3,6,
2,UCBV07,5,4,6,
2,UCBV07,6,1,6,1
2,UCBV07,6,2,6,2
2,UCBV07,6,3,6,1.5
2,UCBV07,6,4,6,2
2,UCBV17,1,1,6,0.5
2,UCBV17,1,2,6,0.5
2,UCBV17,1,3,6,0.5
2,UCBV17,1,4,6,0.1
2,UCBV17,2,1,6,0.5
2,UCBV17,2,2,6,0.5
2,UCBV17,2,3,6,0.5
2,UCBV17,2,4,6,0.5
2,UCBV17,3,1,6,0.5
2,UCBV17,3,2,6,1
2,UCBV17,3,3,6,0.5
2,UCBV17,3,4,6,0.8
2,UCBV17,4,1,6,0.1
2,UCBV17,4,2,6,0.1
2,UCBV17,4,3,6,0
2,UCBV17,4,4,6,0.1
2,UCBV17,5,1,6,
2,UCBV17,5,2,6,0.5
2,UCBV17,5,3,6,0.5
2,UCBV17,5,4,6,0.5
2,UCBV17,6,1,6,1
2,UCBV17,6,2,6,1
2,UCBV17,6,3,6,0.5
2,UCBV17,6,4,6,0.5
2,UCBV38,1,1,6,0.5
2,UCBV38,1,2,6,0.8
2,UCBV38,1,3,6,0.5
2,UCBV38,1,4,6,0.5
2,UCBV38,2,1,6,1.5
2,UCBV38,2,2,6,0.5
2,UCBV38,2,3,6,1
2,UCBV38,2,4,6,2
2,UCBV38,3,1,6,1
2,UCBV38,3,2,6,0.8
2,UCBV38,3,3,6,2.5
2,UCBV38,3,4,6,0.8
2,UCBV38,4,1,6,1
2,UCBV38,4,2,6,0.8
2,UCBV38,4,3,6,2.5
2,UCBV38,4,4,6,0.8
2,UCBV38,5,1,6,0.5
2,UCBV38,5,2,6,0.5
2,UCBV38,5,3,6,0.5
2,UCBV38,5,4,6,
2,UCBV38,6,1,6,1
2,UCBV38,6,2,6,1.5
2,UCBV38,6,3,6,0.8
2,UCBV38,6,4,6,1
2,UCBV97,1,1,6,
2,UCBV97,1,2,6,
2,UCBV97,1,3,6,
2,UCBV97,1,4,6,
2,UCBV97,2,1,6,5
2,UCBV97,2,2,6,3
2,UCBV97,2,3,6,3
2,UCBV97,2,4,6,3
2,UCBV97,3,1,6,5
2,UCBV97,3,2,6,3.5
2,UCBV97,3,3,6,
2,UCBV97,3,4,6,5
2,UCBV97,4,1,6,0.5
2,UCBV97,4,2,6,0.5
2,UCBV97,4,3,6,0.5
2,UCBV97,4,4,6,0.5
2,UCBV97,5,1,6,0.5
2,UCBV97,5,2,6,0.5
2,UCBV97,5,3,6,1
2,UCBV97,5,4,6,1
2,UCBV97,6,1,6,3.5
2,UCBV97,6,2,6,3
2,UCBV97,6,3,6,3
2,UCBV97,6,4,6,3
2,UCBV101,1,1,6,0.5
2,UCBV101,1,2,6,1.5
2,UCBV101,1,3,6,2.5
2,UCBV101,1,4,6,2
2,UCBV101,2,1,6,2
2,UCBV101,2,2,6,2
2,UCBV101,2,3,6,2
2,UCBV101,2,4,6,1.5
2,UCBV101,3,1,6,0.5
2,UCBV101,3,2,6,2
2,UCBV101,3,3,6,1
2,UCBV101,3,4,6,2.5
2,UCBV101,4,1,6,1
2,UCBV101,4,2,6,1.5
2,UCBV101,4,3,6,2.5
2,UCBV101,4,4,6,3
2,UCBV101,5,1,6,1
2,UCBV101,5,2,6,0.5
2,UCBV101,5,3,6,2
2,UCBV101,5,4,6,1
2,UCBV101,6,1,6,0.5
2,UCBV101,6,2,6,1
2,UCBV101,6,3,6,0.5
2,UCBV101,6,4,6,1
2,UCBV133,1,1,6,1
2,UCBV133,1,2,6,1
2,UCBV133,1,3,6,1
2,UCBV133,1,4,6,2
2,UCBV133,2,1,6,0.5
2,UCBV133,2,2,6,1.5
2,UCBV133,2,3,6,0.5
2,UCBV133,2,4,6,0.1
2,UCBV133,3,1,6,
2,UCBV133,3,2,6,
2,UCBV133,3,3,6,
2,UCBV133,3,4,6,
2,UCBV133,4,1,6,0.5
2,UCBV133,4,2,6,0.8
2,UCBV133,4,3,6,0.8
2,UCBV133,4,4,6,0.8
2,UCBV133,5,1,6,2
2,UCBV133,5,2,6,2
2,UCBV133,5,3,6,1
2,UCBV133,5,4,6,1
2,UCBV133,6,1,6,
2,UCBV133,6,2,6,
2,UCBV133,6,3,6,2.8
2,UCBV133,6,4,6,1
2,CONT,1,1,6,10
2,CONT,1,2,6,12
2,CONT,1,3,6,15
2,CONT,1,4,6,12
2,CONT,2,1,6,
2,CONT,2,2,6,
2,CONT,2,3,6,
2,CONT,2,4,6,
2,CONT,3,1,6,5
2,CONT,3,2,6,5
2,CONT,3,3,6,8
2,CONT,3,4,6,10
2,CONT,4,1,6,
2,CONT,4,2,6,3
2,CONT,4,3,6,3
2,CONT,4,4,6,3
2,CONT,5,1,6,
2,CONT,5,2,6,8
2,CONT,5,3,6,8
2,CONT,5,4,6,10
2,CONT,6,1,6,5
2,CONT,6,2,6,5
2,CONT,6,3,6,3
2,CONT,6,4,6,5
2,FUNG,1,1,6,0
2,FUNG,1,2,6,0
2,FUNG,1,3,6,0
2,FUNG,1,4,6,0.1
2,FUNG,2,1,6,0
2,FUNG,2,2,6,0
2,FUNG,2,3,6,0.1
2,FUNG,2,4,6,0
2,FUNG,3,1,6,0.1
2,FUNG,3,2,6,0.5
2,FUNG,3,3,6,0
2,FUNG,3,4,6,0
2,FUNG,4,1,6,0
2,FUNG,4,2,6,0
2,FUNG,4,3,6,0
2,FUNG,4,4,6,0.1
2,FUNG,5,1,6,0.5
2,FUNG,5,2,6,0.5
2,FUNG,5,3,6,0
2,FUNG,5,4,6,0
2,FUNG,6,1,6,0.1
2,FUNG,6,2,6,0.1
2,FUNG,6,3,6,0
2,FUNG,6,4,6,0
2,UCBV03,1,1,8,3
2,UCBV03,1,2,8,2.5
2,UCBV03,1,3,8,2.5
2,UCBV03,1,4,8,0.5
2,UCBV03,2,1,8,4
2,UCBV03,2,2,8,3
2,UCBV03,2,3,8,3
2,UCBV03,2,4,8,2.5
2,UCBV03,3,1,8,3
2,UCBV03,3,2,8,3
2,UCBV03,3,3,8,3.5
2,UCBV03,3,4,8,3.5
2,UCBV03,4,1,8,4.5
2,UCBV03,4,2,8,4.5
2,UCBV03,4,3,8,5
2,UCBV03,4,4,8,5
2,UCBV03,5,1,8,30
2,UCBV03,5,2,8,25
2,UCBV03,5,3,8,10
2,UCBV03,5,4,8,12
2,UCBV03,6,1,8,4
2,UCBV03,6,2,8,3
2,UCBV03,6,3,8,3
2,UCBV03,6,4,8,2
2,UCBV05,1,1,8,
2,UCBV05,1,2,8,
2,UCBV05,1,3,8,
2,UCBV05,1,4,8,
2,UCBV05,2,1,8,5
2,UCBV05,2,2,8,2
2,UCBV05,2,3,8,5
2,UCBV05,2,4,8,5
2,UCBV05,3,1,8,1.5
2,UCBV05,3,2,8,2
2,UCBV05,3,3,8,2.5
2,UCBV05,3,4,8,2
2,UCBV05,4,1,8,
2,UCBV05,4,2,8,2.5
2,UCBV05,4,3,8,2.5
2,UCBV05,4,4,8,2.5
2,UCBV05,5,1,8,2.5
2,UCBV05,5,2,8,2.5
2,UCBV05,5,3,8,2
2,UCBV05,5,4,8,2
2,UCBV05,6,1,8,1
2,UCBV05,6,2,8,2
2,UCBV05,6,3,8,3
2,UCBV05,6,4,8,2
2,UCBV06,1,1,8,2.5
2,UCBV06,1,2,8,3
2,UCBV06,1,3,8,5
2,UCBV06,1,4,8,3
2,UCBV06,2,1,8,2.5
2,UCBV06,2,2,8,2
2,UCBV06,2,3,8,2
2,UCBV06,2,4,8,3.5
2,UCBV06,3,1,8,3
2,UCBV06,3,2,8,3.5
2,UCBV06,3,3,8,3.5
2,UCBV06,3,4,8,3
2,UCBV06,4,1,8,10
2,UCBV06,4,2,8,10
2,UCBV06,4,3,8,8
2,UCBV06,4,4,8,8
2,UCBV06,5,1,8,3.5
2,UCBV06,5,2,8,3.5
2,UCBV06,5,3,8,6
2,UCBV06,5,4,8,2.5
2,UCBV06,6,1,8,
2,UCBV06,6,2,8,
2,UCBV06,6,3,8,
2,UCBV06,6,4,8,
2,UCBV07,1,1,8,1
2,UCBV07,1,2,8,0.5
2,UCBV07,1,3,8,2
2,UCBV07,1,4,8,3
2,UCBV07,2,1,8,2.5
2,UCBV07,2,2,8,2
2,UCBV07,2,3,8,2
2,UCBV07,2,4,8,2.5
2,UCBV07,3,1,8,1
2,UCBV07,3,2,8,2.5
2,UCBV07,3,3,8,1.5
2,UCBV07,3,4,8,3
2,UCBV07,4,1,8,3
2,UCBV07,4,2,8,2.5
2,UCBV07,4,3,8,2.5
2,UCBV07,4,4,8,1.5
2,UCBV07,5,1,8,
2,UCBV07,5,2,8,
2,UCBV07,5,3,8,
2,UCBV07,5,4,8,
2,UCBV07,6,1,8,3.5
2,UCBV07,6,2,8,6
2,UCBV07,6,3,8,4
2,UCBV07,6,4,8,5
2,UCBV17,1,1,8,1
2,UCBV17,1,2,8,0.5
2,UCBV17,1,3,8,1
2,UCBV17,1,4,8,0.5
2,UCBV17,2,1,8,1
2,UCBV17,2,2,8,1.5
2,UCBV17,2,3,8,1
2,UCBV17,2,4,8,1
2,UCBV17,3,1,8,3
2,UCBV17,3,2,8,3
2,UCBV17,3,3,8,2.5
2,UCBV17,3,4,8,3
2,UCBV17,4,1,8,1
2,UCBV17,4,2,8,0.5
2,UCBV17,4,3,8,0
2,UCBV17,4,4,8,0.8
2,UCBV17,5,1,8,
2,UCBV17,5,2,8,1.5
2,UCBV17,5,3,8,1
2,UCBV17,5,4,8,1.5
2,UCBV17,6,1,8,3
2,UCBV17,6,2,8,3
2,UCBV17,6,3,8,1.5
2,UCBV17,6,4,8,1.5
2,UCBV38,1,1,8,1.5
2,UCBV38,1,2,8,2
2,UCBV38,1,3,8,1.5
2,UCBV38,1,4,8,2.5
2,UCBV38,2,1,8,2.5
2,UCBV38,2,2,8,1
2,UCBV38,2,3,8,2.5
2,UCBV38,2,4,8,3.5
2,UCBV38,3,1,8,2
2,UCBV38,3,2,8,1.5
2,UCBV38,3,3,8,3
2,UCBV38,3,4,8,1.5
2,UCBV38,4,1,8,4
2,UCBV38,4,2,8,1.5
2,UCBV38,4,3,8,3
2,UCBV38,4,4,8,2
2,UCBV38,5,1,8,0.5
2,UCBV38,5,2,8,1
2,UCBV38,5,3,8,0.5
2,UCBV38,5,4,8,
2,UCBV38,6,1,8,3
2,UCBV38,6,2,8,3
2,UCBV38,6,3,8,2
2,UCBV38,6,4,8,1.5
2,UCBV97,1,1,8,
2,UCBV97,1,2,8,
2,UCBV97,1,3,8,
2,UCBV97,1,4,8,
2,UCBV97,2,1,8,4
2,UCBV97,2,2,8,4
2,UCBV97,2,3,8,4
2,UCBV97,2,4,8,3.5
2,UCBV97,3,1,8,10
2,UCBV97,3,2,8,7
2,UCBV97,3,3,8,100
2,UCBV97,3,4,8,20
2,UCBV97,4,1,8,2
2,UCBV97,4,2,8,2
2,UCBV97,4,3,8,2
2,UCBV97,4,4,8,2.5
2,UCBV97,5,1,8,3
2,UCBV97,5,2,8,1.5
2,UCBV97,5,3,8,2
2,UCBV97,5,4,8,3
2,UCBV97,6,1,8,7
2,UCBV97,6,2,8,6
2,UCBV97,6,3,8,8
2,UCBV97,6,4,8,6
2,UCBV101,1,1,8,2
2,UCBV101,1,2,8,4.5
2,UCBV101,1,3,8,5
2,UCBV101,1,4,8,3
2,UCBV101,2,1,8,8
2,UCBV101,2,2,8,4
2,UCBV101,2,3,8,6
2,UCBV101,2,4,8,6
2,UCBV101,3,1,8,2
2,UCBV101,3,2,8,3
2,UCBV101,3,3,8,2.5
2,UCBV101,3,4,8,3
2,UCBV101,4,1,8,3.5
2,UCBV101,4,2,8,5
2,UCBV101,4,3,8,10
2,UCBV101,4,4,8,15
2,UCBV101,5,1,8,3
2,UCBV101,5,2,8,2.5
2,UCBV101,5,3,8,3.5
2,UCBV101,5,4,8,2.5
2,UCBV101,6,1,8,2
2,UCBV101,6,2,8,2.5
2,UCBV101,6,3,8,2
2,UCBV101,6,4,8,2.5
2,UCBV133,1,1,8,3
2,UCBV133,1,2,8,3
2,UCBV133,1,3,8,3
2,UCBV133,1,4,8,2.5
2,UCBV133,2,1,8,3
2,UCBV133,2,2,8,2.5
2,UCBV133,2,3,8,2.5
2,UCBV133,2,4,8,1.5
2,UCBV133,3,1,8,
2,UCBV133,3,2,8,
2,UCBV133,3,3,8,
2,UCBV133,3,4,8,
2,UCBV133,4,1,8,0.8
2,UCBV133,4,2,8,2.5
2,UCBV133,4,3,8,2
2,UCBV133,4,4,8,2
2,UCBV133,5,1,8,3.5
2,UCBV133,5,2,8,3
2,UCBV133,5,3,8,3
2,UCBV133,5,4,8,2.5
2,UCBV133,6,1,8,
2,UCBV133,6,2,8,
2,UCBV133,6,3,8,4
2,UCBV133,6,4,8,3
2,CONT,1,1,8,30
2,CONT,1,2,8,100
2,CONT,1,3,8,40
2,CONT,1,4,8,40
2,CONT,2,1,8,
2,CONT,2,2,8,
2,CONT,2,3,8,
2,CONT,2,4,8,
2,CONT,3,1,8,8
2,CONT,3,2,8,12
2,CONT,3,3,8,30
2,CONT,3,4,8,30
2,CONT,4,1,8,100
2,CONT,4,2,8,100
2,CONT,4,3,8,25
2,CONT,4,4,8,30
2,CONT,5,1,8,
2,CONT,5,2,8,5
2,CONT,5,3,8,5
2,CONT,5,4,8,6
2,CONT,6,1,8,5
2,CONT,6,2,8,10
2,CONT,6,3,8,8
2,CONT,6,4,8,15
2,FUNG,1,1,8,0.5
2,FUNG,1,2,8,0.5
2,FUNG,1,3,8,1
2,FUNG,1,4,8,0.5
2,FUNG,2,1,8,0
2,FUNG,2,2,8,0.5
2,FUNG,2,3,8,1
2,FUNG,2,4,8,0.5
2,FUNG,3,1,8,0.5
2,FUNG,3,2,8,0.8
2,FUNG,3,3,8,0.5
2,FUNG,3,4,8,0.8
2,FUNG,4,1,8,0.5
2,FUNG,4,2,8,0
2,FUNG,4,3,8,0.5
2,FUNG,4,4,8,0.1
2,FUNG,5,1,8,0.8
2,FUNG,5,2,8,0.8
2,FUNG,5,3,8,0
2,FUNG,5,4,8,0
2,FUNG,6,1,8,0.5
2,FUNG,6,2,8,0.5
2,FUNG,6,3,8,0.5
2,FUNG,6,4,8,0
2,UCBV03,1,1,12,10
2,UCBV03,1,2,12,12
2,UCBV03,1,3,12,6
2,UCBV03,1,4,12,2.5
2,UCBV03,2,1,12,10
2,UCBV03,2,2,12,4
2,UCBV03,2,3,12,4
2,UCBV03,2,4,12,4
2,UCBV03,3,1,12,10
2,UCBV03,3,2,12,60
2,UCBV03,3,3,12,20
2,UCBV03,3,4,12,35
2,UCBV03,4,1,12,30
2,UCBV03,4,2,12,40
2,UCBV03,4,3,12,45
2,UCBV03,4,4,12,25
2,UCBV03,5,1,12,100
2,UCBV03,5,2,12,100
2,UCBV03,5,3,12,60
2,UCBV03,5,4,12,55
2,UCBV03,6,1,12,
2,UCBV03,6,2,12,50
2,UCBV03,6,3,12,35
2,UCBV03,6,4,12,12
2,UCBV05,1,1,12,
2,UCBV05,1,2,12,
2,UCBV05,1,3,12,
2,UCBV05,1,4,12,
2,UCBV05,2,1,12,40
2,UCBV05,2,2,12,12
2,UCBV05,2,3,12,12
2,UCBV05,2,4,12,10
2,UCBV05,3,1,12,8
2,UCBV05,3,2,12,4
2,UCBV05,3,3,12,4
2,UCBV05,3,4,12,4
2,UCBV05,4,1,12,
2,UCBV05,4,2,12,5
2,UCBV05,4,3,12,5
2,UCBV05,4,4,12,5
2,UCBV05,5,1,12,8
2,UCBV05,5,2,12,8
2,UCBV05,5,3,12,6
2,UCBV05,5,4,12,3.5
2,UCBV05,6,1,12,
2,UCBV05,6,2,12,
2,UCBV05,6,3,12,12
2,UCBV05,6,4,12,8
2,UCBV06,1,1,12,4
2,UCBV06,1,2,12,5
2,UCBV06,1,3,12,15
2,UCBV06,1,4,12,5
2,UCBV06,2,1,12,10
2,UCBV06,2,2,12,4.5
2,UCBV06,2,3,12,4.5
2,UCBV06,2,4,12,12
2,UCBV06,3,1,12,12
2,UCBV06,3,2,12,12
2,UCBV06,3,3,12,18
2,UCBV06,3,4,12,12
2,UCBV06,4,1,12,60
2,UCBV06,4,2,12,60
2,UCBV06,4,3,12,50
2,UCBV06,4,4,12,30
2,UCBV06,5,1,12,12
2,UCBV06,5,2,12,15
2,UCBV06,5,3,12,30
2,UCBV06,5,4,12,12
2,UCBV06,6,1,12,
2,UCBV06,6,2,12,
2,UCBV06,6,3,12,
2,UCBV06,6,4,12,
2,UCBV07,1,1,12,2
2,UCBV07,1,2,12,2.5
2,UCBV07,1,3,12,3.5
2,UCBV07,1,4,12,5
2,UCBV07,2,1,12,5
2,UCBV07,2,2,12,6
2,UCBV07,2,3,12,5
2,UCBV07,2,4,12,5
2,UCBV07,3,1,12,3.5
2,UCBV07,3,2,12,4.5
2,UCBV07,3,3,12,3
2,UCBV07,3,4,12,6
2,UCBV07,4,1,12,13
2,UCBV07,4,2,12,12
2,UCBV07,4,3,12,5
2,UCBV07,4,4,12,4.5
2,UCBV07,5,1,12,
2,UCBV07,5,2,12,
2,UCBV07,5,3,12,
2,UCBV07,5,4,12,
2,UCBV07,6,1,12,15
2,UCBV07,6,2,12,
2,UCBV07,6,3,12,12
2,UCBV07,6,4,12,15
2,UCBV17,1,1,12,2
2,UCBV17,1,2,12,1.5
2,UCBV17,1,3,12,4
2,UCBV17,1,4,12,2
2,UCBV17,2,1,12,2.5
2,UCBV17,2,2,12,2.5
2,UCBV17,2,3,12,3
2,UCBV17,2,4,12,3
2,UCBV17,3,1,12,10
2,UCBV17,3,2,12,8
2,UCBV17,3,3,12,8
2,UCBV17,3,4,12,14
2,UCBV17,4,1,12,3
2,UCBV17,4,2,12,3
2,UCBV17,4,3,12,2
2,UCBV17,4,4,12,3
2,UCBV17,5,1,12,
2,UCBV17,5,2,12,3
2,UCBV17,5,3,12,2.5
2,UCBV17,5,4,12,3
2,UCBV17,6,1,12,6
2,UCBV17,6,2,12,15
2,UCBV17,6,3,12,3
2,UCBV17,6,4,12,3.5
2,UCBV38,1,1,12,8
2,UCBV38,1,2,12,4
2,UCBV38,1,3,12,2.5
2,UCBV38,1,4,12,2.5
2,UCBV38,2,1,12,12
2,UCBV38,2,2,12,5
2,UCBV38,2,3,12,12
2,UCBV38,2,4,12,20
2,UCBV38,3,1,12,2
2,UCBV38,3,2,12,3
2,UCBV38,3,3,12,1.5
2,UCBV38,3,4,12,2
2,UCBV38,4,1,12,6
2,UCBV38,4,2,12,6
2,UCBV38,4,3,12,10
2,UCBV38,4,4,12,4.5
2,UCBV38,5,1,12,2
2,UCBV38,5,2,12,2.5
2,UCBV38,5,3,12,2
2,UCBV38,5,4,12,
2,UCBV38,6,1,12,12
2,UCBV38,6,2,12,8
2,UCBV38,6,3,12,8
2,UCBV38,6,4,12,6
2,UCBV97,1,1,12,
2,UCBV97,1,2,12,
2,UCBV97,1,3,12,
2,UCBV97,1,4,12,
2,UCBV97,2,1,12,30
2,UCBV97,2,2,12,15
2,UCBV97,2,3,12,20
2,UCBV97,2,4,12,22
2,UCBV97,3,1,12,100
2,UCBV97,3,2,12,40
2,UCBV97,3,3,12,100
2,UCBV97,3,4,12,100
2,UCBV97,4,1,12,25
2,UCBV97,4,2,12,12
2,UCBV97,4,3,12,12
2,UCBV97,4,4,12,6
2,UCBV97,5,1,12,12
2,UCBV97,5,2,12,5
2,UCBV97,5,3,12,5
2,UCBV97,5,4,12,4.5
2,UCBV97,6,1,12,55
2,UCBV97,6,2,12,100
2,UCBV97,6,3,12,30
2,UCBV97,6,4,12,55
2,UCBV101,1,1,12,100
2,UCBV101,1,2,12,20
2,UCBV101,1,3,12,100
2,UCBV101,1,4,12,100
2,UCBV101,2,1,12,10
2,UCBV101,2,2,12,18
2,UCBV101,2,3,12,15
2,UCBV101,2,4,12,7
2,UCBV101,3,1,12,6
2,UCBV101,3,2,12,6
2,UCBV101,3,3,12,8
2,UCBV101,3,4,12,7
2,UCBV101,4,1,12,100
2,UCBV101,4,2,12,20
2,UCBV101,4,3,12,100
2,UCBV101,4,4,12,100
2,UCBV101,5,1,12,10
2,UCBV101,5,2,12,18
2,UCBV101,5,3,12,15
2,UCBV101,5,4,12,7
2,UCBV101,6,1,12,6
2,UCBV101,6,2,12,6
2,UCBV101,6,3,12,8
2,UCBV101,6,4,12,7
2,UCBV133,1,1,12,
2,UCBV133,1,2,12,40
2,UCBV133,1,3,12,12
2,UCBV133,1,4,12,10
2,UCBV133,2,1,12,7
2,UCBV133,2,2,12,9
2,UCBV133,2,3,12,7
2,UCBV133,2,4,12,7
2,UCBV133,3,1,12,
2,UCBV133,3,2,12,
2,UCBV133,3,3,12,
2,UCBV133,3,4,12,
2,UCBV133,4,1,12,3.5
2,UCBV133,4,2,12,6
2,UCBV133,4,3,12,5
2,UCBV133,4,4,12,5
2,UCBV133,5,1,12,12
2,UCBV133,5,2,12,15
2,UCBV133,5,3,12,10
2,UCBV133,5,4,12,12
2,UCBV133,6,1,12,
2,UCBV133,6,2,12,
2,UCBV133,6,3,12,40
2,UCBV133,6,4,12,25
2,CONT,1,1,12,100
2,CONT,1,2,12,100
2,CONT,1,3,12,100
2,CONT,1,4,12,90
2,CONT,2,1,12,
2,CONT,2,2,12,
2,CONT,2,3,12,
2,CONT,2,4,12,
2,CONT,3,1,12,40
2,CONT,3,2,12,90
2,CONT,3,3,12,80
2,CONT,3,4,12,100
2,CONT,4,1,12,100
2,CONT,4,2,12,70
2,CONT,4,3,12,45
2,CONT,4,4,12,25
2,CONT,5,1,12,
2,CONT,5,2,12,
2,CONT,5,3,12,
2,CONT,5,4,12,
2,CONT,6,1,12,60
2,CONT,6,2,12,60
2,CONT,6,3,12,40
2,CONT,6,4,12,40
2,FUNG,1,1,12,0.5
2,FUNG,1,2,12,1
2,FUNG,1,3,12,1
2,FUNG,1,4,12,1
2,FUNG,2,1,12,0.5
2,FUNG,2,2,12,1
2,FUNG,2,3,12,1
2,FUNG,2,4,12,1
2,FUNG,3,1,12,1
2,FUNG,3,2,12,0.8
2,FUNG,3,3,12,1
2,FUNG,3,4,12,0.8
2,FUNG,4,1,12,0.8
2,FUNG,4,2,12,0
2,FUNG,4,3,12,1
2,FUNG,4,4,12,1
2,FUNG,5,1,12,1
2,FUNG,5,2,12,1.5
2,FUNG,5,3,12,0
2,FUNG,5,4,12,0.5
2,FUNG,6,1,12,1
2,FUNG,6,2,12,1
2,FUNG,6,3,12,1
2,FUNG,6,4,12,0.5
3,UCBV03,1,1,4,2.5
3,UCBV03,1,2,4,2.5
3,UCBV03,1,3,4,4
3,UCBV03,1,4,4,3.5
3,UCBV03,2,1,4,
3,UCBV03,2,2,4,0.5
3,UCBV03,2,3,4,0.1
3,UCBV03,2,4,4,0.5
3,UCBV03,3,1,4,0.5
3,UCBV03,3,2,4,1.5
3,UCBV03,3,3,4,1
3,UCBV03,3,4,4,2.5
3,UCBV03,4,1,4,0.8
3,UCBV03,4,2,4,2
3,UCBV03,4,3,4,1
3,UCBV03,4,4,4,2
3,UCBV03,5,1,4,3
3,UCBV03,5,2,4,2
3,UCBV03,5,3,4,3
3,UCBV03,5,4,4,2.5
3,UCBV03,6,1,4,2
3,UCBV03,6,2,4,2
3,UCBV03,6,3,4,3
3,UCBV03,6,4,4,3.5
3,UCBV05,1,1,4,0.5
3,UCBV05,1,2,4,0.1
3,UCBV05,1,3,4,0.1
3,UCBV05,1,4,4,0.5
3,UCBV05,2,1,4,1
3,UCBV05,2,2,4,0.8
3,UCBV05,2,3,4,0.5
3,UCBV05,2,4,4,0.5
3,UCBV05,3,1,4,0.1
3,UCBV05,3,2,4,0.5
3,UCBV05,3,3,4,1
3,UCBV05,3,4,4,0.5
3,UCBV05,4,1,4,1
3,UCBV05,4,2,4,0.5
3,UCBV05,4,3,4,0.1
3,UCBV05,4,4,4,0.1
3,UCBV05,5,1,4,0.1
3,UCBV05,5,2,4,0.5
3,UCBV05,5,3,4,1
3,UCBV05,5,4,4,1.5
3,UCBV05,6,1,4,
3,UCBV05,6,2,4,
3,UCBV05,6,3,4,
3,UCBV05,6,4,4,
3,UCBV06,1,1,4,1
3,UCBV06,1,2,4,1.5
3,UCBV06,1,3,4,0.5
3,UCBV06,1,4,4,3
3,UCBV06,2,1,4,1.5
3,UCBV06,2,2,4,1
3,UCBV06,2,3,4,0.5
3,UCBV06,2,4,4,2.5
3,UCBV06,3,1,4,5
3,UCBV06,3,2,4,3
3,UCBV06,3,3,4,2.5
3,UCBV06,3,4,4,2.5
3,UCBV06,4,1,4,0.1
3,UCBV06,4,2,4,0.5
3,UCBV06,4,3,4,0.5
3,UCBV06,4,4,4,1
3,UCBV06,5,1,4,0.1
3,UCBV06,5,2,4,0.5
3,UCBV06,5,3,4,0.1
3,UCBV06,5,4,4,2
3,UCBV06,6,1,4,2.5
3,UCBV06,6,2,4,2.5
3,UCBV06,6,3,4,
3,UCBV06,6,4,4,1.5
3,UCBV07,1,1,4,0.8
3,UCBV07,1,2,4,1
3,UCBV07,1,3,4,0.5
3,UCBV07,1,4,4,1.5
3,UCBV07,2,1,4,3
3,UCBV07,2,2,4,0.1
3,UCBV07,2,3,4,0.1
3,UCBV07,2,4,4,0
3,UCBV07,3,1,4,1
3,UCBV07,3,2,4,1
3,UCBV07,3,3,4,1
3,UCBV07,3,4,4,2
3,UCBV07,4,1,4,0.5
3,UCBV07,4,2,4,0.5
3,UCBV07,4,3,4,0
3,UCBV07,4,4,4,0
3,UCBV07,5,1,4,0
3,UCBV07,5,2,4,0.1
3,UCBV07,5,3,4,0.5
3,UCBV07,5,4,4,0.5
3,UCBV07,6,1,4,1
3,UCBV07,6,2,4,0.5
3,UCBV07,6,3,4,0.5
3,UCBV07,6,4,4,0.5
3,UCBV17,1,1,4,0.8
3,UCBV17,1,2,4,
3,UCBV17,1,3,4,
3,UCBV17,1,4,4,0.5
3,UCBV17,2,1,4,0.5
3,UCBV17,2,2,4,0.1
3,UCBV17,2,3,4,0
3,UCBV17,2,4,4,0.5
3,UCBV17,3,1,4,0.1
3,UCBV17,3,2,4,0.5
3,UCBV17,3,3,4,0.5
3,UCBV17,3,4,4,0.5
3,UCBV17,4,1,4,0.1
3,UCBV17,4,2,4,0
3,UCBV17,4,3,4,1.5
3,UCBV17,4,4,4,0.5
3,UCBV17,5,1,4,1
3,UCBV17,5,2,4,1
3,UCBV17,5,3,4,2.5
3,UCBV17,5,4,4,3
3,UCBV17,6,1,4,1.5
3,UCBV17,6,2,4,2
3,UCBV17,6,3,4,1
3,UCBV17,6,4,4,4
3,UCBV38,1,1,4,1.5
3,UCBV38,1,2,4,1.5
3,UCBV38,1,3,4,1.5
3,UCBV38,1,4,4,2
3,UCBV38,2,1,4,
3,UCBV38,2,2,4,
3,UCBV38,2,3,4,
3,UCBV38,2,4,4,
3,UCBV38,3,1,4,
3,UCBV38,3,2,4,
3,UCBV38,3,3,4,
3,UCBV38,3,4,4,
3,UCBV38,4,1,4,0.5
3,UCBV38,4,2,4,0
3,UCBV38,4,3,4,0.1
3,UCBV38,4,4,4,0.1
3,UCBV38,5,1,4,0.5
3,UCBV38,5,2,4,0.5
3,UCBV38,5,3,4,0.5
3,UCBV38,5,4,4,0.5
3,UCBV38,6,1,4,0.1
3,UCBV38,6,2,4,0.5
3,UCBV38,6,3,4,0.1
3,UCBV38,6,4,4,0.1
3,UCBV97,1,1,4,0.1
3,UCBV97,1,2,4,0.1
3,UCBV97,1,3,4,0.1
3,UCBV97,1,4,4,0.5
3,UCBV97,2,1,4,1
3,UCBV97,2,2,4,1.5
3,UCBV97,2,3,4,1.5
3,UCBV97,2,4,4,3
3,UCBV97,3,1,4,
3,UCBV97,3,2,4,
3,UCBV97,3,3,4,0.5
3,UCBV97,3,4,4,0.5
3,UCBV97,4,1,4,0.5
3,UCBV97,4,2,4,0.5
3,UCBV97,4,3,4,0.8
3,UCBV97,4,4,4,3
3,UCBV97,5,1,4,0.5
3,UCBV97,5,2,4,0.5
3,UCBV97,5,3,4,1
3,UCBV97,5,4,4,1
3,UCBV97,6,1,4,0.8
3,UCBV97,6,2,4,0.8
3,UCBV97,6,3,4,1
3,UCBV97,6,4,4,0.5
3,UCBV101,1,1,4,2
3,UCBV101,1,2,4,0.5
3,UCBV101,1,3,4,0.5
3,UCBV101,1,4,4,3
3,UCBV101,2,1,4,0.8
3,UCBV101,2,2,4,0.8
3,UCBV101,2,3,4,2
3,UCBV101,2,4,4,3
3,UCBV101,3,1,4,2
3,UCBV101,3,2,4,1.5
3,UCBV101,3,3,4,1.5
3,UCBV101,3,4,4,0.5
3,UCBV101,4,1,4,
3,UCBV101,4,2,4,1
3,UCBV101,4,3,4,0.8
3,UCBV101,4,4,4,0.5
3,UCBV101,5,1,4,1
3,UCBV101,5,2,4,
3,UCBV101,5,3,4,0.5
3,UCBV101,5,4,4,2.5
3,UCBV101,6,1,4,1
3,UCBV101,6,2,4,1.5
3,UCBV101,6,3,4,2
3,UCBV101,6,4,4,0.5
3,UCBV133,1,1,4,
3,UCBV133,1,2,4,
3,UCBV133,1,3,4,1
3,UCBV133,1,4,4,
3,UCBV133,2,1,4,0.5
3,UCBV133,2,2,4,
3,UCBV133,2,3,4,
3,UCBV133,2,4,4,
3,UCBV133,3,1,4,1
3,UCBV133,3,2,4,0.5
3,UCBV133,3,3,4,0.5
3,UCBV133,3,4,4,0.8
3,UCBV133,4,1,4,0.8
3,UCBV133,4,2,4,0.1
3,UCBV133,4,3,4,0.1
3,UCBV133,4,4,4,0.8
3,UCBV133,5,1,4,2
3,UCBV133,5,2,4,1
3,UCBV133,5,3,4,2.5
3,UCBV133,5,4,4,1
3,UCBV133,6,1,4,0
3,UCBV133,6,2,4,0.5
3,UCBV133,6,3,4,0
3,UCBV133,6,4,4,0.1
3,CONT,1,1,4,1.5
3,CONT,1,2,4,2.5
3,CONT,1,3,4,1
3,CONT,1,4,4,3
3,CONT,2,1,4,3
3,CONT,2,2,4,3
3,CONT,2,3,4,2.5
3,CONT,2,4,4,3.5
3,CONT,3,1,4,0.8
3,CONT,3,2,4,3
3,CONT,3,3,4,2.5
3,CONT,3,4,4,3
3,CONT,4,1,4,0.1
3,CONT,4,2,4,3
3,CONT,4,3,4,1
3,CONT,4,4,4,5
3,CONT,5,1,4,0.8
3,CONT,5,2,4,2
3,CONT,5,3,4,3.5
3,CONT,5,4,4,5
3,CONT,6,1,4,2
3,CONT,6,2,4,0.8
3,CONT,6,3,4,1
3,CONT,6,4,4,1.5
3,FUNG,1,1,4,0
3,FUNG,1,2,4,0
3,FUNG,1,3,4,0
3,FUNG,1,4,4,0.5
3,FUNG,2,1,4,0
3,FUNG,2,2,4,0
3,FUNG,2,3,4,0
3,FUNG,2,4,4,0
3,FUNG,3,1,4,0
3,FUNG,3,2,4,0
3,FUNG,3,3,4,0
3,FUNG,3,4,4,0
3,FUNG,4,1,4,0
3,FUNG,4,2,4,0
3,FUNG,4,3,4,0
3,FUNG,4,4,4,0
3,FUNG,5,1,4,0
3,FUNG,5,2,4,0
3,FUNG,5,3,4,0
3,FUNG,5,4,4,1
3,FUNG,6,1,4,0
3,FUNG,6,2,4,0
3,FUNG,6,3,4,0.1
3,FUNG,6,4,4,0.1
3,UCBV03,1,1,6,3
3,UCBV03,1,2,6,5
3,UCBV03,1,3,6,5
3,UCBV03,1,4,6,5
3,UCBV03,2,1,6,
3,UCBV03,2,2,6,1
3,UCBV03,2,3,6,1
3,UCBV03,2,4,6,2.5
3,UCBV03,3,1,6,2
3,UCBV03,3,2,6,2.5
3,UCBV03,3,3,6,3
3,UCBV03,3,4,6,5
3,UCBV03,4,1,6,1.5
3,UCBV03,4,2,6,2.5
3,UCBV03,4,3,6,2.5
3,UCBV03,4,4,6,3
3,UCBV03,5,1,6,3
3,UCBV03,5,2,6,3.5
3,UCBV03,5,3,6,5
3,UCBV03,5,4,6,5
3,UCBV03,6,1,6,3.5
3,UCBV03,6,2,6,2.5
3,UCBV03,6,3,6,4
3,UCBV03,6,4,6,4.5
3,UCBV05,1,1,6,1
3,UCBV05,1,2,6,1
3,UCBV05,1,3,6,0.5
3,UCBV05,1,4,6,2.5
3,UCBV05,2,1,6,2
3,UCBV05,2,2,6,1.5
3,UCBV05,2,3,6,1
3,UCBV05,2,4,6,1.5
3,UCBV05,3,1,6,1
3,UCBV05,3,2,6,3
3,UCBV05,3,3,6,3
3,UCBV05,3,4,6,2.5
3,UCBV05,4,1,6,1
3,UCBV05,4,2,6,1
3,UCBV05,4,3,6,1
3,UCBV05,4,4,6,1.5
3,UCBV05,5,1,6,0.8
3,UCBV05,5,2,6,1
3,UCBV05,5,3,6,3
3,UCBV05,5,4,6,4.5
3,UCBV05,6,1,6,
3,UCBV05,6,2,6,
3,UCBV05,6,3,6,
3,UCBV05,6,4,6,
3,UCBV06,1,1,6,4
3,UCBV06,1,2,6,3
3,UCBV06,1,3,6,1.5
3,UCBV06,1,4,6,4
3,UCBV06,2,1,6,2.5
3,UCBV06,2,2,6,2.5
3,UCBV06,2,3,6,4.5
3,UCBV06,2,4,6,4.5
3,UCBV06,3,1,6,5
3,UCBV06,3,2,6,5
3,UCBV06,3,3,6,5
3,UCBV06,3,4,6,5
3,UCBV06,4,1,6,1
3,UCBV06,4,2,6,0.8
3,UCBV06,4,3,6,0.8
3,UCBV06,4,4,6,2.5
3,UCBV06,5,1,6,1
3,UCBV06,5,2,6,0.8
3,UCBV06,5,3,6,0.8
3,UCBV06,5,4,6,1
3,UCBV06,6,1,6,2
3,UCBV06,6,2,6,3
3,UCBV06,6,3,6,
3,UCBV06,6,4,6,2.5
3,UCBV07,1,1,6,0.8
3,UCBV07,1,2,6,1.5
3,UCBV07,1,3,6,1.5
3,UCBV07,1,4,6,3
3,UCBV07,2,1,6,0.8
3,UCBV07,2,2,6,0.5
3,UCBV07,2,3,6,0.8
3,UCBV07,2,4,6,1
3,UCBV07,3,1,6,2.5
3,UCBV07,3,2,6,1.5
3,UCBV07,3,3,6,2.5
3,UCBV07,3,4,6,2.5
3,UCBV07,4,1,6,0.8
3,UCBV07,4,2,6,0.8
3,UCBV07,4,3,6,0.8
3,UCBV07,4,4,6,0.1
3,UCBV07,5,1,6,0.5
3,UCBV07,5,2,6,0.5
3,UCBV07,5,3,6,1
3,UCBV07,5,4,6,2
3,UCBV07,6,1,6,1
3,UCBV07,6,2,6,1
3,UCBV07,6,3,6,1.5
3,UCBV07,6,4,6,1
3,UCBV17,1,1,6,1.5
3,UCBV17,1,2,6,
3,UCBV17,1,3,6,
3,UCBV17,1,4,6,1.5
3,UCBV17,2,1,6,1
3,UCBV17,2,2,6,1
3,UCBV17,2,3,6,0.8
3,UCBV17,2,4,6,0.8
3,UCBV17,3,1,6,0.1
3,UCBV17,3,2,6,1.5
3,UCBV17,3,3,6,1.5
3,UCBV17,3,4,6,1.5
3,UCBV17,4,1,6,0.1
3,UCBV17,4,2,6,0.1
3,UCBV17,4,3,6,2
3,UCBV17,4,4,6,1
3,UCBV17,5,1,6,2
3,UCBV17,5,2,6,1.5
3,UCBV17,5,3,6,3
3,UCBV17,5,4,6,4
3,UCBV17,6,1,6,3
3,UCBV17,6,2,6,3.5
3,UCBV17,6,3,6,1
3,UCBV17,6,4,6,5.5
3,UCBV38,1,1,6,3
3,UCBV38,1,2,6,
3,UCBV38,1,3,6,3
3,UCBV38,1,4,6,3
3,UCBV38,2,1,6,
3,UCBV38,2,2,6,
3,UCBV38,2,3,6,
3,UCBV38,2,4,6,
3,UCBV38,3,1,6,
3,UCBV38,3,2,6,
3,UCBV38,3,3,6,
3,UCBV38,3,4,6,
3,UCBV38,4,1,6,
3,UCBV38,4,2,6,2.5
3,UCBV38,4,3,6,1.5
3,UCBV38,4,4,6,1.5
3,UCBV38,5,1,6,1
3,UCBV38,5,2,6,
3,UCBV38,5,3,6,2
3,UCBV38,5,4,6,3
3,UCBV38,6,1,6,3.5
3,UCBV38,6,2,6,3.5
3,UCBV38,6,3,6,3.5
3,UCBV38,6,4,6,1
3,UCBV97,1,1,6,
3,UCBV97,1,2,6,
3,UCBV97,1,3,6,1.5
3,UCBV97,1,4,6,
3,UCBV97,2,1,6,
3,UCBV97,2,2,6,
3,UCBV97,2,3,6,1
3,UCBV97,2,4,6,
3,UCBV97,3,1,6,1.5
3,UCBV97,3,2,6,0.5
3,UCBV97,3,3,6,0.8
3,UCBV97,3,4,6,2.5
3,UCBV97,4,1,6,0.8
3,UCBV97,4,2,6,1
3,UCBV97,4,3,6,1
3,UCBV97,4,4,6,1.5
3,UCBV97,5,1,6,3.5
3,UCBV97,5,2,6,3.5
3,UCBV97,5,3,6,4
3,UCBV97,5,4,6,2.5
3,UCBV97,6,1,6,0.8
3,UCBV97,6,2,6,2
3,UCBV97,6,3,6,0.5
3,UCBV97,6,4,6,0.5
3,UCBV101,1,1,6,1.5
3,UCBV101,1,2,6,1.5
3,UCBV101,1,3,6,1.5
3,UCBV101,1,4,6,2
3,UCBV101,2,1,6,
3,UCBV101,2,2,6,
3,UCBV101,2,3,6,
3,UCBV101,2,4,6,
3,UCBV101,3,1,6,
3,UCBV101,3,2,6,
3,UCBV101,3,3,6,
3,UCBV101,3,4,6,
3,UCBV101,4,1,6,0.8
3,UCBV101,4,2,6,0.5
3,UCBV101,4,3,6,0.8
3,UCBV101,4,4,6,0.8
3,UCBV101,5,1,6,0.8
3,UCBV101,5,2,6,1
3,UCBV101,5,3,6,2.5
3,UCBV101,5,4,6,1
3,UCBV101,6,1,6,0.1
3,UCBV101,6,2,6,0.5
3,UCBV101,6,3,6,1
3,UCBV101,6,4,6,0.1
3,UCBV133,1,1,6,0.8
3,UCBV133,1,2,6,0.5
3,UCBV133,1,3,6,0.8
3,UCBV133,1,4,6,1
3,UCBV133,2,1,6,3
3,UCBV133,2,2,6,4.5
3,UCBV133,2,3,6,5
3,UCBV133,2,4,6,5
3,UCBV133,3,1,6,
3,UCBV133,3,2,6,
3,UCBV133,3,3,6,
3,UCBV133,3,4,6,
3,UCBV133,4,1,6,1
3,UCBV133,4,2,6,5
3,UCBV133,4,3,6,3.5
3,UCBV133,4,4,6,15
3,UCBV133,5,1,6,1.5
3,UCBV133,5,2,6,1
3,UCBV133,5,3,6,3
3,UCBV133,5,4,6,2.5
3,UCBV133,6,1,6,2.5
3,UCBV133,6,2,6,2
3,UCBV133,6,3,6,4.5
3,UCBV133,6,4,6,1.5
3,CONT,1,1,6,2.5
3,CONT,1,2,6,5
3,CONT,1,3,6,3
3,CONT,1,4,6,4.5
3,CONT,2,1,6,3.5
3,CONT,2,2,6,4
3,CONT,2,3,6,4.5
3,CONT,2,4,6,5
3,CONT,3,1,6,1
3,CONT,3,2,6,6
3,CONT,3,3,6,4.5
3,CONT,3,4,6,8
3,CONT,4,1,6,1
3,CONT,4,2,6,3
3,CONT,4,3,6,2.5
3,CONT,4,4,6,12
3,CONT,5,1,6,2.5
3,CONT,5,2,6,3
3,CONT,5,3,6,4
3,CONT,5,4,6,5.5
3,CONT,6,1,6,3
3,CONT,6,2,6,0.5
3,CONT,6,3,6,3
3,CONT,6,4,6,2.5
3,FUNG,1,1,6,0
3,FUNG,1,2,6,0
3,FUNG,1,3,6,0
3,FUNG,1,4,6,1
3,FUNG,2,1,6,0
3,FUNG,2,2,6,0
3,FUNG,2,3,6,0
3,FUNG,2,4,6,1
3,FUNG,3,1,6,0
3,FUNG,3,2,6,0
3,FUNG,3,3,6,1
3,FUNG,3,4,6,0.8
3,FUNG,4,1,6,0
3,FUNG,4,2,6,0
3,FUNG,4,3,6,0.5
3,FUNG,4,4,6,0
3,FUNG,5,1,6,0
3,FUNG,5,2,6,0
3,FUNG,5,3,6,0.1
3,FUNG,5,4,6,1
3,FUNG,6,1,6,0
3,FUNG,6,2,6,0.1
3,FUNG,6,3,6,0.5
3,FUNG,6,4,6,0.5
3,UCBV03,1,1,8,7
3,UCBV03,1,2,8,10
3,UCBV03,1,3,8,12.5
3,UCBV03,1,4,8,13.5
3,UCBV03,2,1,8,
3,UCBV03,2,2,8,1.25
3,UCBV03,2,3,8,0.85
3,UCBV03,2,4,8,2.5
3,UCBV03,3,1,8,1.75
3,UCBV03,3,2,8,4
3,UCBV03,3,3,8,9.5
3,UCBV03,3,4,8,11
3,UCBV03,4,1,8,1.5
3,UCBV03,4,2,8,3
3,UCBV03,4,3,8,5
3,UCBV03,4,4,8,8
3,UCBV03,5,1,8,10.5
3,UCBV03,5,2,8,10
3,UCBV03,5,3,8,13.5
3,UCBV03,5,4,8,12
3,UCBV03,6,1,8,11
3,UCBV03,6,2,8,11.5
3,UCBV03,6,3,8,12.5
3,UCBV03,6,4,8,20.5
3,UCBV05,1,1,8,1.5
3,UCBV05,1,2,8,1.5
3,UCBV05,1,3,8,1.5
3,UCBV05,1,4,8,3.25
3,UCBV05,2,1,8,2.75
3,UCBV05,2,2,8,1.25
3,UCBV05,2,3,8,2
3,UCBV05,2,4,8,2.5
3,UCBV05,3,1,8,1.1
3,UCBV05,3,2,8,1.05
3,UCBV05,3,3,8,1.75
3,UCBV05,3,4,8,1.5
3,UCBV05,4,1,8,1.25
3,UCBV05,4,2,8,0.8
3,UCBV05,4,3,8,1.15
3,UCBV05,4,4,8,1.75
3,UCBV05,5,1,8,1
3,UCBV05,5,2,8,1.75
3,UCBV05,5,3,8,3.75
3,UCBV05,5,4,8,6.5
3,UCBV05,6,1,8,
3,UCBV05,6,2,8,
3,UCBV05,6,3,8,
3,UCBV05,6,4,8,
3,UCBV06,1,1,8,8
3,UCBV06,1,2,8,5
3,UCBV06,1,3,8,2
3,UCBV06,1,4,8,9
3,UCBV06,2,1,8,3.5
3,UCBV06,2,2,8,7
3,UCBV06,2,3,8,5
3,UCBV06,2,4,8,11.5
3,UCBV06,3,1,8,25
3,UCBV06,3,2,8,13.5
3,UCBV06,3,3,8,12
3,UCBV06,3,4,8,10
3,UCBV06,4,1,8,2
3,UCBV06,4,2,8,1.25
3,UCBV06,4,3,8,1.75
3,UCBV06,4,4,8,2.75
3,UCBV06,5,1,8,3.5
3,UCBV06,5,2,8,1.25
3,UCBV06,5,3,8,1.25
3,UCBV06,5,4,8,2.25
3,UCBV06,6,1,8,
3,UCBV06,6,2,8,
3,UCBV06,6,3,8,3.5
3,UCBV06,6,4,8,3
3,UCBV07,1,1,8,1.75
3,UCBV07,1,2,8,7
3,UCBV07,1,3,8,6.5
3,UCBV07,1,4,8,2.25
3,UCBV07,2,1,8,0.75
3,UCBV07,2,2,8,0.5
3,UCBV07,2,3,8,1
3,UCBV07,2,4,8,2
3,UCBV07,3,1,8,3.5
3,UCBV07,3,2,8,3
3,UCBV07,3,3,8,4
3,UCBV07,3,4,8,4.25
3,UCBV07,4,1,8,2.5
3,UCBV07,4,2,8,1.5
3,UCBV07,4,3,8,1
3,UCBV07,4,4,8,0.45
3,UCBV07,5,1,8,0.75
3,UCBV07,5,2,8,1.5
3,UCBV07,5,3,8,2.75
3,UCBV07,5,4,8,5
3,UCBV07,6,1,8,1.25
3,UCBV07,6,2,8,1
3,UCBV07,6,3,8,2
3,UCBV07,6,4,8,2
3,UCBV17,1,1,8,1.75
3,UCBV17,1,2,8,
3,UCBV17,1,3,8,2.5
3,UCBV17,1,4,8,2.5
3,UCBV17,2,1,8,1
3,UCBV17,2,2,8,1.1
3,UCBV17,2,3,8,1
3,UCBV17,2,4,8,0.75
3,UCBV17,3,1,8,1.5
3,UCBV17,3,2,8,3
3,UCBV17,3,3,8,3.5
3,UCBV17,3,4,8,3
3,UCBV17,4,1,8,1.05
3,UCBV17,4,2,8,1.4
3,UCBV17,4,3,8,5.25
3,UCBV17,4,4,8,2.75
3,UCBV17,5,1,8,2.25
3,UCBV17,5,2,8,4.25
3,UCBV17,5,3,8,10
3,UCBV17,5,4,8,13.5
3,UCBV17,6,1,8,9
3,UCBV17,6,2,8,21
3,UCBV17,6,3,8,1
3,UCBV17,6,4,8,32.5
3,UCBV38,1,1,8,1.75
3,UCBV38,1,2,8,2.5
3,UCBV38,1,3,8,2.75
3,UCBV38,1,4,8,2
3,UCBV38,2,1,8,
3,UCBV38,2,2,8,
3,UCBV38,2,3,8,
3,UCBV38,2,4,8,
3,UCBV38,3,1,8,
3,UCBV38,3,2,8,
3,UCBV38,3,3,8,
3,UCBV38,3,4,8,
3,UCBV38,4,1,8,0.75
3,UCBV38,4,2,8,2
3,UCBV38,4,3,8,2.25
3,UCBV38,4,4,8,1.75
3,UCBV38,5,1,8,1.25
3,UCBV38,5,2,8,2
3,UCBV38,5,3,8,4
3,UCBV38,5,4,8,1.25
3,UCBV38,6,1,8,1.25
3,UCBV38,6,2,8,0.25
3,UCBV38,6,3,8,1
3,UCBV38,6,4,8,1.05
3,UCBV97,1,1,8,1.25
3,UCBV97,1,2,8,0.8
3,UCBV97,1,3,8,1.25
3,UCBV97,1,4,8,1.25
3,UCBV97,2,1,8,9
3,UCBV97,2,2,8,12
3,UCBV97,2,3,8,11
3,UCBV97,2,4,8,37.5
3,UCBV97,3,1,8,
3,UCBV97,3,2,8,
3,UCBV97,3,3,8,
3,UCBV97,3,4,8,
3,UCBV97,4,1,8,3.75
3,UCBV97,4,2,8,13
3,UCBV97,4,3,8,5.25
3,UCBV97,4,4,8,35
3,UCBV97,5,1,8,5.5
3,UCBV97,5,2,8,3.25
3,UCBV97,5,3,8,8.5
3,UCBV97,5,4,8,9.5
3,UCBV97,6,1,8,7
3,UCBV97,6,2,8,4.5
3,UCBV97,6,3,8,9
3,UCBV97,6,4,8,3.5
3,UCBV101,1,1,8,8.5
3,UCBV101,1,2,8,2.75
3,UCBV101,1,3,8,3
3,UCBV101,1,4,8,14
3,UCBV101,2,1,8,4.5
3,UCBV101,2,2,8,10.5
3,UCBV101,2,3,8,9
3,UCBV101,2,4,8,30
3,UCBV101,3,1,8,3
3,UCBV101,3,2,8,3
3,UCBV101,3,3,8,5
3,UCBV101,3,4,8,4
3,UCBV101,4,1,8,
3,UCBV101,4,2,8,3
3,UCBV101,4,3,8,3
3,UCBV101,4,4,8,3
3,UCBV101,5,1,8,2.5
3,UCBV101,5,2,8,
3,UCBV101,5,3,8,2.75
3,UCBV101,5,4,8,3
3,UCBV101,6,1,8,7
3,UCBV101,6,2,8,12.5
3,UCBV101,6,3,8,14
3,UCBV101,6,4,8,4
3,UCBV133,1,1,8,2.5
3,UCBV133,1,2,8,2.5
3,UCBV133,1,3,8,
3,UCBV133,1,4,8,
3,UCBV133,2,1,8,1
3,UCBV133,2,2,8,1
3,UCBV133,2,3,8,1.25
3,UCBV133,2,4,8,1.25
3,UCBV133,3,1,8,1.5
3,UCBV133,3,2,8,2
3,UCBV133,3,3,8,2
3,UCBV133,3,4,8,2.5
3,UCBV133,4,1,8,1.25
3,UCBV133,4,2,8,2.5
3,UCBV133,4,3,8,1
3,UCBV133,4,4,8,2.5
3,UCBV133,5,1,8,12.5
3,UCBV133,5,2,8,7.5
3,UCBV133,5,3,8,12.5
3,UCBV133,5,4,8,7.5
3,UCBV133,6,1,8,0.55
3,UCBV133,6,2,8,1.5
3,UCBV133,6,3,8,0.45
3,UCBV133,6,4,8,0.6
3,CONT,1,1,8,4.5
3,CONT,1,2,8,11
3,CONT,1,3,8,4.5
3,CONT,1,4,8,7
3,CONT,2,1,8,7
3,CONT,2,2,8,7.5
3,CONT,2,3,8,8.5
3,CONT,2,4,8,22.5
3,CONT,3,1,8,4
3,CONT,3,2,8,16
3,CONT,3,3,8,11
3,CONT,3,4,8,18.5
3,CONT,4,1,8,4.25
3,CONT,4,2,8,8.5
3,CONT,4,3,8,10
3,CONT,4,4,8,42.5
3,CONT,5,1,8,3.5
3,CONT,5,2,8,2.75
3,CONT,5,3,8,11
3,CONT,5,4,8,9.5
3,CONT,6,1,8,12.5
3,CONT,6,2,8,15
3,CONT,6,3,8,13.5
3,CONT,6,4,8,23.5
3,FUNG,1,1,8,0.65
3,FUNG,1,2,8,0.65
3,FUNG,1,3,8,1
3,FUNG,1,4,8,2.75
3,FUNG,2,1,8,2
3,FUNG,2,2,8,0
3,FUNG,2,3,8,0
3,FUNG,2,4,8,2
3,FUNG,3,1,8,1
3,FUNG,3,2,8,0
3,FUNG,3,3,8,0.1
3,FUNG,3,4,8,3
3,FUNG,4,1,8,0.05
3,FUNG,4,2,8,0.25
3,FUNG,4,3,8,0.3
3,FUNG,4,4,8,0
3,FUNG,5,1,8,0
3,FUNG,5,2,8,0
3,FUNG,5,3,8,0.75
3,FUNG,5,4,8,1.25
3,FUNG,6,1,8,0.65
3,FUNG,6,2,8,0.5
3,FUNG,6,3,8,2.25
3,FUNG,6,4,8,0
3,UCBV03,1,1,10,7
3,UCBV03,1,2,10,11
3,UCBV03,1,3,10,17.5
3,UCBV03,1,4,10,17
3,UCBV03,2,1,10,
3,UCBV03,2,2,10,3
3,UCBV03,2,3,10,2.5
3,UCBV03,2,4,10,3
3,UCBV03,3,1,10,3.75
3,UCBV03,3,2,10,6
3,UCBV03,3,3,10,15
3,UCBV03,3,4,10,27.5
3,UCBV03,4,1,10,11.5
3,UCBV03,4,2,10,15
3,UCBV03,4,3,10,17.5
3,UCBV03,4,4,10,24
3,UCBV03,5,1,10,19.5
3,UCBV03,5,2,10,12.5
3,UCBV03,5,3,10,25
3,UCBV03,5,4,10,25
3,UCBV03,6,1,10,15
3,UCBV03,6,2,10,8
3,UCBV03,6,3,10,47.5
3,UCBV03,6,4,10,35
3,UCBV05,1,1,10,3
3,UCBV05,1,2,10,2.25
3,UCBV05,1,3,10,2.9
3,UCBV05,1,4,10,5.25
3,UCBV05,2,1,10,4.25
3,UCBV05,2,2,10,1.75
3,UCBV05,2,3,10,4
3,UCBV05,2,4,10,5.5
3,UCBV05,3,1,10,2
3,UCBV05,3,2,10,2
3,UCBV05,3,3,10,2
3,UCBV05,3,4,10,2.5
3,UCBV05,4,1,10,2
3,UCBV05,4,2,10,2
3,UCBV05,4,3,10,3
3,UCBV05,4,4,10,3
3,UCBV05,5,1,10,1
3,UCBV05,5,2,10,2.75
3,UCBV05,5,3,10,4.75
3,UCBV05,5,4,10,10
3,UCBV05,6,1,10,
3,UCBV05,6,2,10,
3,UCBV05,6,3,10,
3,UCBV05,6,4,10,
3,UCBV06,1,1,10,11
3,UCBV06,1,2,10,9.5
3,UCBV06,1,3,10,4
3,UCBV06,1,4,10,17.5
3,UCBV06,2,1,10,6
3,UCBV06,2,2,10,9.5
3,UCBV06,2,3,10,8.5
3,UCBV06,2,4,10,35
3,UCBV06,3,1,10,60
3,UCBV06,3,2,10,27.5
3,UCBV06,3,3,10,25
3,UCBV06,3,4,10,16
3,UCBV06,4,1,10,4.5
3,UCBV06,4,2,10,3.25
3,UCBV06,4,3,10,7
3,UCBV06,4,4,10,7
3,UCBV06,5,1,10,5
3,UCBV06,5,2,10,3
3,UCBV06,5,3,10,2.75
3,UCBV06,5,4,10,4.75
3,UCBV06,6,1,10,
3,UCBV06,6,2,10,
3,UCBV06,6,3,10,3.5
3,UCBV06,6,4,10,3.5
3,UCBV07,1,1,10,2
3,UCBV07,1,2,10,11.5
3,UCBV07,1,3,10,9
3,UCBV07,1,4,10,25
3,UCBV07,2,1,10,1.5
3,UCBV07,2,2,10,1
3,UCBV07,2,3,10,2
3,UCBV07,2,4,10,1
3,UCBV07,3,1,10,6
3,UCBV07,3,2,10,4
3,UCBV07,3,3,10,6.25
3,UCBV07,3,4,10,5.75
3,UCBV07,4,1,10,2
3,UCBV07,4,2,10,1.5
3,UCBV07,4,3,10,1.5
3,UCBV07,4,4,10,0.5
3,UCBV07,5,1,10,2
3,UCBV07,5,2,10,2.5
3,UCBV07,5,3,10,4.5
3,UCBV07,5,4,10,10
3,UCBV07,6,1,10,2
3,UCBV07,6,2,10,1
3,UCBV07,6,3,10,3
3,UCBV07,6,4,10,3
3,UCBV17,1,1,10,
3,UCBV17,1,2,10,
3,UCBV17,1,3,10,
3,UCBV17,1,4,10,
3,UCBV17,2,1,10,1.5
3,UCBV17,2,2,10,2
3,UCBV17,2,3,10,1.5
3,UCBV17,2,4,10,1.5
3,UCBV17,3,1,10,3.5
3,UCBV17,3,2,10,3
3,UCBV17,3,3,10,8
3,UCBV17,3,4,10,8
3,UCBV17,4,1,10,1.5
3,UCBV17,4,2,10,2
3,UCBV17,4,3,10,7
3,UCBV17,4,4,10,4
3,UCBV17,5,1,10,5.5
3,UCBV17,5,2,10,7
3,UCBV17,5,3,10,13.5
3,UCBV17,5,4,10,37.5
3,UCBV17,6,1,10,14
3,UCBV17,6,2,10,23.5
3,UCBV17,6,3,10,1.5
3,UCBV17,6,4,10,65
3,UCBV38,1,1,10,3
3,UCBV38,1,2,10,3.25
3,UCBV38,1,3,10,4.25
3,UCBV38,1,4,10,2.75
3,UCBV38,2,1,10,
3,UCBV38,2,2,10,
3,UCBV38,2,3,10,
3,UCBV38,2,4,10,
3,UCBV38,3,1,10,
3,UCBV38,3,2,10,
3,UCBV38,3,3,10,
3,UCBV38,3,4,10,
3,UCBV38,4,1,10,3
3,UCBV38,4,2,10,5
3,UCBV38,4,3,10,4.5
3,UCBV38,4,4,10,4
3,UCBV38,5,1,10,1.25
3,UCBV38,5,2,10,4
3,UCBV38,5,3,10,6
3,UCBV38,5,4,10,2.25
3,UCBV38,6,1,10,2.75
3,UCBV38,6,2,10,0.25
3,UCBV38,6,3,10,3
3,UCBV38,6,4,10,1
3,UCBV97,1,1,10,1.5
3,UCBV97,1,2,10,2.25
3,UCBV97,1,3,10,2.5
3,UCBV97,1,4,10,2.25
3,UCBV97,2,1,10,15
3,UCBV97,2,2,10,25
3,UCBV97,2,3,10,26.5
3,UCBV97,2,4,10,100
3,UCBV97,3,1,10,
3,UCBV97,3,2,10,
3,UCBV97,3,3,10,
3,UCBV97,3,4,10,
3,UCBV97,4,1,10,5
3,UCBV97,4,2,10,32.5
3,UCBV97,4,3,10,10.5
3,UCBV97,4,4,10,80
3,UCBV97,5,1,10,11
3,UCBV97,5,2,10,9
3,UCBV97,5,3,10,17.5
3,UCBV97,5,4,10,20
3,UCBV97,6,1,10,15
3,UCBV97,6,2,10,10.5
3,UCBV97,6,3,10,16
3,UCBV97,6,4,10,7
3,UCBV101,1,1,10,10.25
3,UCBV101,1,2,10,3.5
3,UCBV101,1,3,10,5.5
3,UCBV101,1,4,10,27.5
3,UCBV101,2,1,10,9
3,UCBV101,2,2,10,25
3,UCBV101,2,3,10,12.5
3,UCBV101,2,4,10,65
3,UCBV101,3,1,10,3
3,UCBV101,3,2,10,3
3,UCBV101,3,3,10,5
3,UCBV101,3,4,10,4
3,UCBV101,4,1,10,
3,UCBV101,4,2,10,3
3,UCBV101,4,3,10,3.5
3,UCBV101,4,4,10,3.5
3,UCBV101,5,1,10,
3,UCBV101,5,2,10,
3,UCBV101,5,3,10,4
3,UCBV101,5,4,10,4
3,UCBV101,6,1,10,13.5
3,UCBV101,6,2,10,27.5
3,UCBV101,6,3,10,27.5
3,UCBV101,6,4,10,10
3,UCBV133,1,1,10,2.5
3,UCBV133,1,2,10,2.5
3,UCBV133,1,3,10,
3,UCBV133,1,4,10,
3,UCBV133,2,1,10,2.5
3,UCBV133,2,2,10,2
3,UCBV133,2,3,10,3
3,UCBV133,2,4,10,2
3,UCBV133,3,1,10,3
3,UCBV133,3,2,10,2
3,UCBV133,3,3,10,2
3,UCBV133,3,4,10,4
3,UCBV133,4,1,10,2.75
3,UCBV133,4,2,10,3.5
3,UCBV133,4,3,10,1.5
3,UCBV133,4,4,10,5.25
3,UCBV133,5,1,10,15
3,UCBV133,5,2,10,10
3,UCBV133,5,3,10,18
3,UCBV133,5,4,10,10
3,UCBV133,6,1,10,2
3,UCBV133,6,2,10,3
3,UCBV133,6,3,10,1
3,UCBV133,6,4,10,1.5
3,CONT,1,1,10,10.5
3,CONT,1,2,10,19
3,CONT,1,3,10,10
3,CONT,1,4,10,16
3,CONT,2,1,10,13.5
3,CONT,2,2,10,14
3,CONT,2,3,10,16.5
3,CONT,2,4,10,42.5
3,CONT,3,1,10,8
3,CONT,3,2,10,25
3,CONT,3,3,10,17.5
3,CONT,3,4,10,30
3,CONT,4,1,10,7.5
3,CONT,4,2,10,12.5
3,CONT,4,3,10,6.25
3,CONT,4,4,10,75
3,CONT,5,1,10,6
3,CONT,5,2,10,6.5
3,CONT,5,3,10,20.5
3,CONT,5,4,10,25
3,CONT,6,1,10,25
3,CONT,6,2,10,15
3,CONT,6,3,10,28
3,CONT,6,4,10,35
3,FUNG,1,1,10,1
3,FUNG,1,2,10,1.5
3,FUNG,1,3,10,2.25
3,FUNG,1,4,10,2.5
3,FUNG,2,1,10,3.75
3,FUNG,2,2,10,0
3,FUNG,2,3,10,0.05
3,FUNG,2,4,10,3
3,FUNG,3,1,10,1.5
3,FUNG,3,2,10,0.65
3,FUNG,3,3,10,0.1
3,FUNG,3,4,10,6.5
3,FUNG,4,1,10,0.05
3,FUNG,4,2,10,0.5
3,FUNG,4,3,10,1.25
3,FUNG,4,4,10,0
3,FUNG,5,1,10,0
3,FUNG,5,2,10,0.05
3,FUNG,5,3,10,1.4
3,FUNG,5,4,10,2
3,FUNG,6,1,10,1.25
3,FUNG,6,2,10,1
3,FUNG,6,3,10,2
3,FUNG,6,4,10,0
3,UCBV07+17,1,1,4,0.1
3,UCBV07+17,1,2,4,0.1
3,UCBV07+17,1,3,4,0.1
3,UCBV07+17,1,4,4,0.1
3,UCBV07+17,2,1,4,0.1
3,UCBV07+17,2,2,4,1
3,UCBV07+17,2,3,4,0.1
3,UCBV07+17,2,4,4,0
3,UCBV07+17,3,1,4,0.1
3,UCBV07+17,3,2,4,0.1
3,UCBV07+17,3,3,4,0.5
3,UCBV07+17,3,4,4,0.1
3,UCBV07+17,4,1,4,0.5
3,UCBV07+17,4,2,4,0.5
3,UCBV07+17,4,3,4,0
3,UCBV07+17,4,4,4,2
3,UCBV07+17,5,1,4,0.1
3,UCBV07+17,5,2,4,0.1
3,UCBV07+17,5,3,4,0
3,UCBV07+17,5,4,4,0
3,UCBV07+17,6,1,4,0.1
3,UCBV07+17,6,2,4,0.1
3,UCBV07+17,6,3,4,0.1
3,UCBV07+17,6,4,4,0.1
3,UCBV07+17,1,1,6,0.1
3,UCBV07+17,1,2,6,0.1
3,UCBV07+17,1,3,6,0.1
3,UCBV07+17,1,4,6,0.1
3,UCBV07+17,2,1,6,0.1
3,UCBV07+17,2,2,6,1
3,UCBV07+17,2,3,6,0.8
3,UCBV07+17,2,4,6,1
3,UCBV07+17,3,1,6,0.5
3,UCBV07+17,3,2,6,0.8
3,UCBV07+17,3,3,6,0.1
3,UCBV07+17,3,4,6,0.5
3,UCBV07+17,4,1,6,0.5
3,UCBV07+17,4,2,6,0.5
3,UCBV07+17,4,3,6,1
3,UCBV07+17,4,4,6,0.5
3,UCBV07+17,5,1,6,0.8
3,UCBV07+17,5,2,6,2
3,UCBV07+17,5,3,6,0.1
3,UCBV07+17,5,4,6,0.5
3,UCBV07+17,6,1,6,0.1
3,UCBV07+17,6,2,6,0
3,UCBV07+17,6,3,6,0.1
3,UCBV07+17,6,4,6,0.1
3,UCBV07+17,1,1,6,0.1
3,UCBV07+17,1,2,6,0.1
3,UCBV07+17,1,3,8,0.5
3,UCBV07+17,1,4,8,0.75
3,UCBV07+17,2,1,8,0.4
3,UCBV07+17,2,2,8,1.5
3,UCBV07+17,2,3,8,1.5
3,UCBV07+17,2,4,8,2
3,UCBV07+17,3,1,8,1
3,UCBV07+17,3,2,8,0.55
3,UCBV07+17,3,3,8,0.75
3,UCBV07+17,3,4,8,0.85
3,UCBV07+17,4,1,8,1
3,UCBV07+17,4,2,8,0.75
3,UCBV07+17,4,3,8,1.5
3,UCBV07+17,4,4,8,1
3,UCBV07+17,5,1,8,0.75
3,UCBV07+17,5,2,8,3
3,UCBV07+17,5,3,8,0.25
3,UCBV07+17,5,4,8,0.3
3,UCBV07+17,6,1,8,0.3
3,UCBV07+17,6,2,8,0.3
3,UCBV07+17,6,3,8,0.3
3,UCBV07+17,6,4,8,0.3
3,UCBV07+17,1,1,8,0.5
3,UCBV07+17,1,2,8,0.1
3,UCBV07+17,1,3,10,0.65
3,UCBV07+17,1,4,10,1.25
3,UCBV07+17,2,1,10,0.5
3,UCBV07+17,2,2,10,1.25
3,UCBV07+17,2,3,10,1.5
3,UCBV07+17,2,4,10,3.25
3,UCBV07+17,3,1,10,1
3,UCBV07+17,3,2,10,0.5
3,UCBV07+17,3,3,10,0.75
3,UCBV07+17,3,4,10,0.6
3,UCBV07+17,4,1,10,2
3,UCBV07+17,4,2,10,0.6
3,UCBV07+17,4,3,10,1.5
3,UCBV07+17,4,4,10,0.75
3,UCBV07+17,5,1,10,0.75
3,UCBV07+17,5,2,10,2
3,UCBV07+17,5,3,10,0.25
3,UCBV07+17,5,4,10,0.05
3,UCBV07+17,6,1,10,0.5
3,UCBV07+17,6,2,10,0.5
3,UCBV07+17,6,3,10,0.1
3,UCBV07+17,6,4,10,0.1
3,UCBV07+17,1,1,10,0.75
3,UCBV07+17,1,2,10,0.5
3,UCBV07+133,1,3,4,0.1
3,UCBV07+133,1,4,4,0.1
3,UCBV07+133,2,1,4,0.1
3,UCBV07+133,2,2,4,0.1
3,UCBV07+133,2,3,4,0.1
3,UCBV07+133,2,4,4,0.1
3,UCBV07+133,3,1,4,0.1
3,UCBV07+133,3,2,4,0.1
3,UCBV07+133,3,3,4,1
3,UCBV07+133,3,4,4,1.5
3,UCBV07+133,4,1,4,2
3,UCBV07+133,4,2,4,2
3,UCBV07+133,4,3,4,
3,UCBV07+133,4,4,4,
3,UCBV07+133,5,1,4,0.5
3,UCBV07+133,5,2,4,0.5
3,UCBV07+133,5,3,4,0.5
3,UCBV07+133,5,4,4,0.1
3,UCBV07+133,6,1,4,0.5
3,UCBV07+133,6,2,4,0.5
3,UCBV07+133,6,3,4,0.5
3,UCBV07+133,6,4,4,0.1
3,UCBV07+133,1,1,4,0.5
3,UCBV07+133,1,2,4,0.1
3,UCBV07+133,1,3,6,0.8
3,UCBV07+133,1,4,6,0.1
3,UCBV07+133,2,1,6,0.8
3,UCBV07+133,2,2,6,0.5
3,UCBV07+133,2,3,6,0.5
3,UCBV07+133,2,4,6,0.5
3,UCBV07+133,3,1,6,0.8
3,UCBV07+133,3,2,6,0.5
3,UCBV07+133,3,3,6,0.5
3,UCBV07+133,3,4,6,3
3,UCBV07+133,4,1,6,3
3,UCBV07+133,4,2,6,3
3,UCBV07+133,4,3,6,1
3,UCBV07+133,4,4,6,1.5
3,UCBV07+133,5,1,6,1
3,UCBV07+133,5,2,6,1.5
3,UCBV07+133,5,3,6,1
3,UCBV07+133,5,4,6,1
3,UCBV07+133,6,1,6,1
3,UCBV07+133,6,2,6,1
3,UCBV07+133,6,3,6,0.8
3,UCBV07+133,6,4,6,0.5
3,UCBV07+133,1,1,6,0.8
3,UCBV07+133,1,2,6,0.8
3,UCBV07+133,1,3,8,2
3,UCBV07+133,1,4,8,0.75
3,UCBV07+133,2,1,8,1
3,UCBV07+133,2,2,8,0.35
3,UCBV07+133,2,3,8,0.75
3,UCBV07+133,2,4,8,0.35
3,UCBV07+133,3,1,8,0.5
3,UCBV07+133,3,2,8,0.75
3,UCBV07+133,3,3,8,0.75
3,UCBV07+133,3,4,8,4
3,UCBV07+133,4,1,8,5
3,UCBV07+133,4,2,8,4
3,UCBV07+133,4,3,8,0.75
3,UCBV07+133,4,4,8,1.25
3,UCBV07+133,5,1,8,1
3,UCBV07+133,5,2,8,0.75
3,UCBV07+133,5,3,8,2
3,UCBV07+133,5,4,8,1.25
3,UCBV07+133,6,1,8,3
3,UCBV07+133,6,2,8,2.5
3,UCBV07+133,6,3,8,1.5
3,UCBV07+133,6,4,8,0.75
3,UCBV07+133,1,1,8,1.75
3,UCBV07+133,1,2,8,1.5
3,UCBV07+133,1,3,10,2.5
3,UCBV07+133,1,4,10,1
3,UCBV07+133,2,1,10,1.25
3,UCBV07+133,2,2,10,0.75
3,UCBV07+133,2,3,10,1.25
3,UCBV07+133,2,4,10,0.45
3,UCBV07+133,3,1,10,0.5
3,UCBV07+133,3,2,10,1.5
3,UCBV07+133,3,3,10,1.5
3,UCBV07+133,3,4,10,7
3,UCBV07+133,4,1,10,9
3,UCBV07+133,4,2,10,8.5
3,UCBV07+133,4,3,10,1
3,UCBV07+133,4,4,10,1
3,UCBV07+133,5,1,10,1
3,UCBV07+133,5,2,10,1.5
3,UCBV07+133,5,3,10,3.5
3,UCBV07+133,5,4,10,3
3,UCBV07+133,6,1,10,4.5
3,UCBV07+133,6,2,10,3.5
3,UCBV07+133,6,3,10,2.25
3,UCBV07+133,6,4,10,1.25
3,UCBV07+133,1,1,10,2.25
3,UCBV07+133,1,2,10,2.75
4,UCBV07,1,1,4,1
4,UCBV07,1,2,4,0.8
4,UCBV07,1,3,4,0.5
4,UCBV07,1,4,4,1
4,UCBV07,2,1,4,0.8
4,UCBV07,2,2,4,0.1
4,UCBV07,2,3,4,0.5
4,UCBV07,2,4,4,0.5
4,UCBV07,3,1,4,0
4,UCBV07,3,2,4,0.1
4,UCBV07,3,3,4,0
4,UCBV07,3,4,4,0.1
4,UCBV07,4,1,4,0
4,UCBV07,4,2,4,0.1
4,UCBV07,4,3,4,0.1
4,UCBV07,4,4,4,0.1
4,UCBV07,5,1,4,0
4,UCBV07,5,2,4,0
4,UCBV07,5,3,4,0.5
4,UCBV07,5,4,4,0.1
4,UCBV07,6,1,4,0.5
4,UCBV07,6,2,4,1
4,UCBV07,6,3,4,1
4,UCBV07,6,4,4,1
4,UCBV133,1,1,4,0.5
4,UCBV133,1,2,4,0.2
4,UCBV133,1,3,4,0.1
4,UCBV133,1,4,4,0.5
4,UCBV133,2,1,4,1
4,UCBV133,2,2,4,1
4,UCBV133,2,3,4,0.1
4,UCBV133,2,4,4,1
4,UCBV133,3,1,4,1
4,UCBV133,3,2,4,0.8
4,UCBV133,3,3,4,0.5
4,UCBV133,3,4,4,0.8
4,UCBV133,4,1,4,0.1
4,UCBV133,4,2,4,0.1
4,UCBV133,4,3,4,0.5
4,UCBV133,4,4,4,0.1
4,UCBV133,5,1,4,0.5
4,UCBV133,5,2,4,0.1
4,UCBV133,5,3,4,1
4,UCBV133,5,4,4,0.5
4,UCBV133,6,1,4,0.1
4,UCBV133,6,2,4,0.1
4,UCBV133,6,3,4,0.5
4,UCBV133,6,4,4,0.5
4,UCBV07+133,1,1,4,0
4,UCBV07+133,1,2,4,0.5
4,UCBV07+133,1,3,4,0.2
4,UCBV07+133,1,4,4,0.2
4,UCBV07+133,2,1,4,0
4,UCBV07+133,2,2,4,0.1
4,UCBV07+133,2,3,4,0.1
4,UCBV07+133,2,4,4,0.1
4,UCBV07+133,3,1,4,0.2
4,UCBV07+133,3,2,4,0.1
4,UCBV07+133,3,3,4,0.2
4,UCBV07+133,3,4,4,0.2
4,UCBV07+133,4,1,4,0.1
4,UCBV07+133,4,2,4,0.1
4,UCBV07+133,4,3,4,0.1
4,UCBV07+133,4,4,4,0
4,UCBV07+133,5,1,4,0.5
4,UCBV07+133,5,2,4,0.5
4,UCBV07+133,5,3,4,0.5
4,UCBV07+133,5,4,4,0.8
4,UCBV07+133,6,1,4,0.2
4,UCBV07+133,6,2,4,0.5
4,UCBV07+133,6,3,4,1
4,UCBV07+133,6,4,4,1
4,CONT,1,1,4,0.1
4,CONT,1,2,4,1
4,CONT,1,3,4,0.5
4,CONT,1,4,4,1
4,CONT,2,1,4,1.5
4,CONT,2,2,4,2
4,CONT,2,3,4,3
4,CONT,2,4,4,3.5
4,CONT,3,1,4,2
4,CONT,3,2,4,2.5
4,CONT,3,3,4,2
4,CONT,3,4,4,2.5
4,CONT,4,1,4,1
4,CONT,4,2,4,0.5
4,CONT,4,3,4,1
4,CONT,4,4,4,1.5
4,CONT,5,1,4,2
4,CONT,5,2,4,2
4,CONT,5,3,4,2.5
4,CONT,5,4,4,3
4,CONT,6,1,4,1
4,CONT,6,2,4,1
4,CONT,6,3,4,1
4,CONT,6,4,4,1.5
4,FUNG,1,1,4,0
4,FUNG,1,2,4,0
4,FUNG,1,3,4,0
4,FUNG,1,4,4,0
4,FUNG,2,1,4,0.5
4,FUNG,2,2,4,0
4,FUNG,2,3,4,0.1
4,FUNG,2,4,4,0
4,FUNG,3,1,4,0
4,FUNG,3,2,4,0
4,FUNG,3,3,4,0
4,FUNG,3,4,4,0
4,FUNG,4,1,4,0
4,FUNG,4,2,4,0
4,FUNG,4,3,4,0
4,FUNG,4,4,4,0.1
4,FUNG,5,1,4,0
4,FUNG,5,2,4,0
4,FUNG,5,3,4,0
4,FUNG,5,4,4,0
4,FUNG,6,1,4,0
4,FUNG,6,2,4,0
4,FUNG,6,3,4,0
4,FUNG,6,4,4,0
4,UCBV07,1,1,6,2
4,UCBV07,1,2,6,2
4,UCBV07,1,3,6,2
4,UCBV07,1,4,6,2
4,UCBV07,2,1,6,0.5
4,UCBV07,2,2,6,0.5
4,UCBV07,2,3,6,0.5
4,UCBV07,2,4,6,1
4,UCBV07,3,1,6,0
4,UCBV07,3,2,6,0.2
4,UCBV07,3,3,6,0.5
4,UCBV07,3,4,6,0.8
4,UCBV07,4,1,6,0
4,UCBV07,4,2,6,0.1
4,UCBV07,4,3,6,0.1
4,UCBV07,4,4,6,1
4,UCBV07,5,1,6,0.5
4,UCBV07,5,2,6,0.5
4,UCBV07,5,3,6,1
4,UCBV07,5,4,6,1
4,UCBV07,6,1,6,0.8
4,UCBV07,6,2,6,1.5
4,UCBV07,6,3,6,1.5
4,UCBV07,6,4,6,2
4,UCBV133,1,1,6,1
4,UCBV133,1,2,6,0.8
4,UCBV133,1,3,6,0.8
4,UCBV133,1,4,6,1
4,UCBV133,2,1,6,0.8
4,UCBV133,2,2,6,1
4,UCBV133,2,3,6,0.2
4,UCBV133,2,4,6,1
4,UCBV133,3,1,6,1
4,UCBV133,3,2,6,1
4,UCBV133,3,3,6,1
4,UCBV133,3,4,6,1
4,UCBV133,4,1,6,0.2
4,UCBV133,4,2,6,0.1
4,UCBV133,4,3,6,0.5
4,UCBV133,4,4,6,0.1
4,UCBV133,5,1,6,1
4,UCBV133,5,2,6,1
4,UCBV133,5,3,6,1.5
4,UCBV133,5,4,6,1
4,UCBV133,6,1,6,0.2
4,UCBV133,6,2,6,1
4,UCBV133,6,3,6,0.8
4,UCBV133,6,4,6,1
4,UCBV07+133,1,1,6,0
4,UCBV07+133,1,2,6,0.8
4,UCBV07+133,1,3,6,1
4,UCBV07+133,1,4,6,0.8
4,UCBV07+133,2,1,6,0
4,UCBV07+133,2,2,6,0.2
4,UCBV07+133,2,3,6,0.2
4,UCBV07+133,2,4,6,0.2
4,UCBV07+133,3,1,6,0.8
4,UCBV07+133,3,2,6,0.8
4,UCBV07+133,3,3,6,0.5
4,UCBV07+133,3,4,6,0.8
4,UCBV07+133,4,1,6,0.5
4,UCBV07+133,4,2,6,0.2
4,UCBV07+133,4,3,6,0.5
4,UCBV07+133,4,4,6,0.1
4,UCBV07+133,5,1,6,1
4,UCBV07+133,5,2,6,1
4,UCBV07+133,5,3,6,1
4,UCBV07+133,5,4,6,1.5
4,UCBV07+133,6,1,6,1
4,UCBV07+133,6,2,6,1.5
4,UCBV07+133,6,3,6,2.5
4,UCBV07+133,6,4,6,2
4,CONT,1,1,6,1.5
4,CONT,1,2,6,1
4,CONT,1,3,6,0.5
4,CONT,1,4,6,1
4,CONT,2,1,6,3.5
4,CONT,2,2,6,4.5
4,CONT,2,3,6,8
4,CONT,2,4,6,10
4,CONT,3,1,6,3.5
4,CONT,3,2,6,4
4,CONT,3,3,6,3.5
4,CONT,3,4,6,6
4,CONT,4,1,6,2
4,CONT,4,2,6,1.5
4,CONT,4,3,6,2.5
4,CONT,4,4,6,3
4,CONT,5,1,6,3.5
4,CONT,5,2,6,3
4,CONT,5,3,6,4
4,CONT,5,4,6,4
4,CONT,6,1,6,3
4,CONT,6,2,6,2.5
4,CONT,6,3,6,2.5
4,CONT,6,4,6,3
4,FUNG,1,1,6,0.5
4,FUNG,1,2,6,0.5
4,FUNG,1,3,6,0.2
4,FUNG,1,4,6,0
4,FUNG,2,1,6,0.5
4,FUNG,2,2,6,0
4,FUNG,2,3,6,0.2
4,FUNG,2,4,6,0
4,FUNG,3,1,6,0
4,FUNG,3,2,6,0
4,FUNG,3,3,6,0
4,FUNG,3,4,6,0.1
4,FUNG,4,1,6,0
4,FUNG,4,2,6,0
4,FUNG,4,3,6,0
4,FUNG,4,4,6,1
4,FUNG,5,1,6,0
4,FUNG,5,2,6,0
4,FUNG,5,3,6,0
4,FUNG,5,4,6,0
4,FUNG,6,1,6,0
4,FUNG,6,2,6,0
4,FUNG,6,3,6,0
4,FUNG,6,4,6,0
4,UCBV07,1,1,8,2.5
4,UCBV07,1,2,8,2
4,UCBV07,1,3,8,2.5
4,UCBV07,1,4,8,3.5
4,UCBV07,2,1,8,0.5
4,UCBV07,2,2,8,0.5
4,UCBV07,2,3,8,0.5
4,UCBV07,2,4,8,1
4,UCBV07,3,1,8,0.2
4,UCBV07,3,2,8,0.5
4,UCBV07,3,3,8,0.8
4,UCBV07,3,4,8,1
4,UCBV07,4,1,8,0.1
4,UCBV07,4,2,8,0.1
4,UCBV07,4,3,8,0.1
4,UCBV07,4,4,8,1
4,UCBV07,5,1,8,1
4,UCBV07,5,2,8,0.5
4,UCBV07,5,3,8,1.5
4,UCBV07,5,4,8,1
4,UCBV07,6,1,8,1
4,UCBV07,6,2,8,1.8
4,UCBV07,6,3,8,1.5
4,UCBV07,6,4,8,2.5
4,UCBV133,1,1,8,1.5
4,UCBV133,1,2,8,1
4,UCBV133,1,3,8,1.5
4,UCBV133,1,4,8,1.5
4,UCBV133,2,1,8,1
4,UCBV133,2,2,8,1.5
4,UCBV133,2,3,8,0.8
4,UCBV133,2,4,8,1.5
4,UCBV133,3,1,8,0.5
4,UCBV133,3,2,8,0.5
4,UCBV133,3,3,8,1
4,UCBV133,3,4,8,1
4,UCBV133,4,1,8,0.5
4,UCBV133,4,2,8,0.5
4,UCBV133,4,3,8,5
4,UCBV133,4,4,8,0
4,UCBV133,5,1,8,1
4,UCBV133,5,2,8,1
4,UCBV133,5,3,8,1.5
4,UCBV133,5,4,8,1
4,UCBV133,6,1,8,0.2
4,UCBV133,6,2,8,1
4,UCBV133,6,3,8,1
4,UCBV133,6,4,8,1
4,UCBV07+133,1,1,8,0
4,UCBV07+133,1,2,8,1
4,UCBV07+133,1,3,8,1.5
4,UCBV07+133,1,4,8,1
4,UCBV07+133,2,1,8,0
4,UCBV07+133,2,2,8,1
4,UCBV07+133,2,3,8,0.2
4,UCBV07+133,2,4,8,0.2
4,UCBV07+133,3,1,8,1
4,UCBV07+133,3,2,8,1
4,UCBV07+133,3,3,8,0.8
4,UCBV07+133,3,4,8,1
4,UCBV07+133,4,1,8,0.5
4,UCBV07+133,4,2,8,0.2
4,UCBV07+133,4,3,8,0.5
4,UCBV07+133,4,4,8,0.1
4,UCBV07+133,5,1,8,1
4,UCBV07+133,5,2,8,1
4,UCBV07+133,5,3,8,2.5
4,UCBV07+133,5,4,8,2
4,UCBV07+133,6,1,8,1
4,UCBV07+133,6,2,8,1.5
4,UCBV07+133,6,3,8,2.5
4,UCBV07+133,6,4,8,2
4,CONT,1,1,8,1.5
4,CONT,1,2,8,1.5
4,CONT,1,3,8,1
4,CONT,1,4,8,2
4,CONT,2,1,8,3.5
4,CONT,2,2,8,12
4,CONT,2,3,8,40
4,CONT,2,4,8,35
4,CONT,3,1,8,12
4,CONT,3,2,8,10
4,CONT,3,3,8,12
4,CONT,3,4,8,20
4,CONT,4,1,8,2.5
4,CONT,4,2,8,2
4,CONT,4,3,8,5
4,CONT,4,4,8,6
4,CONT,5,1,8,5
4,CONT,5,2,8,10
4,CONT,5,3,8,25
4,CONT,5,4,8,12
4,CONT,6,1,8,3
4,CONT,6,2,8,3
4,CONT,6,3,8,3
4,CONT,6,4,8,5
4,FUNG,1,1,8,0.5
4,FUNG,1,2,8,0.5
4,FUNG,1,3,8,1
4,FUNG,1,4,8,0
4,FUNG,2,1,8,0.2
4,FUNG,2,2,8,0
4,FUNG,2,3,8,0.2
4,FUNG,2,4,8,0
4,FUNG,3,1,8,0
4,FUNG,3,2,8,0
4,FUNG,3,3,8,0
4,FUNG,3,4,8,0.1
4,FUNG,4,1,8,0.5
4,FUNG,4,2,8,0.5
4,FUNG,4,3,8,0
4,FUNG,4,4,8,1
4,FUNG,5,1,8,0
4,FUNG,5,2,8,0
4,FUNG,5,3,8,0
4,FUNG,5,4,8,0
4,FUNG,6,1,8,0
4,FUNG,6,2,8,0
4,FUNG,6,3,8,0
4,FUNG,6,4,8,0
4,UCBV07,1,1,10,3
4,UCBV07,1,2,10,2.5
4,UCBV07,1,3,10,3
4,UCBV07,1,4,10,12
4,UCBV07,2,1,10,1
4,UCBV07,2,2,10,0.8
4,UCBV07,2,3,10,0.5
4,UCBV07,2,4,10,1.8
4,UCBV07,3,1,10,0.8
4,UCBV07,3,2,10,1
4,UCBV07,3,3,10,1
4,UCBV07,3,4,10,1.5
4,UCBV07,4,1,10,0
4,UCBV07,4,2,10,0.1
4,UCBV07,4,3,10,0.1
4,UCBV07,4,4,10,1.5
4,UCBV07,5,1,10,2
4,UCBV07,5,2,10,0.5
4,UCBV07,5,3,10,2.5
4,UCBV07,5,4,10,3
4,UCBV07,6,1,10,2
4,UCBV07,6,2,10,4
4,UCBV07,6,3,10,2
4,UCBV07,6,4,10,6
4,UCBV133,1,1,10,2
4,UCBV133,1,2,10,1.5
4,UCBV133,1,3,10,3
4,UCBV133,1,4,10,4
4,UCBV133,2,1,10,1.5
4,UCBV133,2,2,10,2.5
4,UCBV133,2,3,10,1
4,UCBV133,2,4,10,3
4,UCBV133,3,1,10,1.5
4,UCBV133,3,2,10,2.5
4,UCBV133,3,3,10,1
4,UCBV133,3,4,10,3
4,UCBV133,4,1,10,1.5
4,UCBV133,4,2,10,1.5
4,UCBV133,4,3,10,2
4,UCBV133,4,4,10,2.5
4,UCBV133,5,1,10,2
4,UCBV133,5,2,10,2
4,UCBV133,5,3,10,2.5
4,UCBV133,5,4,10,2
4,UCBV133,6,1,10,0.8
4,UCBV133,6,2,10,1.5
4,UCBV133,6,3,10,1.5
4,UCBV133,6,4,10,2
4,UCBV07+133,1,1,10,0.2
4,UCBV07+133,1,2,10,3.8
4,UCBV07+133,1,3,10,3
4,UCBV07+133,1,4,10,2
4,UCBV07+133,2,1,10,0.1
4,UCBV07+133,2,2,10,1
4,UCBV07+133,2,3,10,0.2
4,UCBV07+133,2,4,10,0.2
4,UCBV07+133,3,1,10,2.5
4,UCBV07+133,3,2,10,3
4,UCBV07+133,3,3,10,1.8
4,UCBV07+133,3,4,10,2.5
4,UCBV07+133,4,1,10,0.2
4,UCBV07+133,4,2,10,0.5
4,UCBV07+133,4,3,10,0.5
4,UCBV07+133,4,4,10,0.2
4,UCBV07+133,5,1,10,1.5
4,UCBV07+133,5,2,10,2.5
4,UCBV07+133,5,3,10,4.5
4,UCBV07+133,5,4,10,5
4,UCBV07+133,6,1,10,1.5
4,UCBV07+133,6,2,10,2
4,UCBV07+133,6,3,10,5
4,UCBV07+133,6,4,10,4.5
4,CONT,1,1,10,2.5
4,CONT,1,2,10,1.8
4,CONT,1,3,10,2.8
4,CONT,1,4,10,2
4,CONT,2,1,10,15
4,CONT,2,2,10,50
4,CONT,2,3,10,90
4,CONT,2,4,10,85
4,CONT,3,1,10,35
4,CONT,3,2,10,38
4,CONT,3,3,10,45
4,CONT,3,4,10,50
4,CONT,4,1,10,1.5
4,CONT,4,2,10,6
4,CONT,4,3,10,4.5
4,CONT,4,4,10,10
4,CONT,5,1,10,20
4,CONT,5,2,10,30
4,CONT,5,3,10,35
4,CONT,5,4,10,25
4,CONT,6,1,10,4
4,CONT,6,2,10,6
4,CONT,6,3,10,6
4,CONT,6,4,10,10
4,FUNG,1,1,10,0.5
4,FUNG,1,2,10,0.5
4,FUNG,1,3,10,1
4,FUNG,1,4,10,0
4,FUNG,2,1,10,0.5
4,FUNG,2,2,10,0
4,FUNG,2,3,10,0.5
4,FUNG,2,4,10,0
4,FUNG,3,1,10,0
4,FUNG,3,2,10,0
4,FUNG,3,3,10,0
4,FUNG,3,4,10,0.5
4,FUNG,4,1,10,0.8
4,FUNG,4,2,10,1
4,FUNG,4,3,10,0
4,FUNG,4,4,10,2
4,FUNG,5,1,10,
4,FUNG,5,2,10,
4,FUNG,5,3,10,
4,FUNG,5,4,10,
4,FUNG,6,1,10,
4,FUNG,6,2,10,
4,FUNG,6,3,10,
4,FUNG,6,4,10,
5,CONT,1,,4,12.125
5,CONT,2,,4,10.75
5,CONT,3,,4,4.875
5,CONT,4,,4,1.4125
5,CONT,5,,4,3.0125
5,FUNG,1,,4,0.0125
5,FUNG,2,,4,0
5,FUNG,3,,4,0
5,FUNG,4,,4,0
5,FUNG,5,,4,0
5,UCBV101,1,,4,0.2375
5,UCBV101,2,,4,4.625
5,UCBV101,3,,4,0.3
5,UCBV101,4,,4,5.75
5,UCBV101,5,,4,1.45
5,UCBV133,1,,4,0.7625
5,UCBV133,2,,4,2.15
5,UCBV133,3,,4,0.95
5,UCBV133,4,,4,2.025
5,UCBV133,5,,4,0.4
5,UCBV38,1,,4,0.4625
5,UCBV38,2,,4,1.2375
5,UCBV38,3,,4,0.9125
5,UCBV38,4,,4,3.2625
5,UCBV38,5,,4,0.4375
5,UCBV05,1,,4,0.125
5,UCBV05,2,,4,2.025
5,UCBV05,3,,4,0.0125
5,UCBV05,4,,4,1.6875
5,UCBV05,5,,4,1.0125
5,UCBV07,1,,4,0.475
5,UCBV07,2,,4,1.05
5,UCBV07,3,,4,0.1125
5,UCBV07,4,,4,0.175
5,UCBV07,5,,4,0.2125
5,CONT,1,,6,24.375
5,CONT,2,,6,24.625
5,CONT,3,,6,10.875
5,CONT,4,,6,3.1375
5,CONT,5,,6,8.375
5,FUNG,1,,6,0.125
5,FUNG,2,,6,0
5,FUNG,3,,6,0
5,FUNG,4,,6,0
5,FUNG,5,,6,0
5,UCBV101,1,,6,0.5375
5,UCBV101,2,,6,19.625
5,UCBV101,3,,6,0.3
5,UCBV101,4,,6,46
5,UCBV101,5,,6,4.7
5,UCBV133,1,,6,0.7625
5,UCBV133,2,,6,2.15
5,UCBV133,3,,6,0.95
5,UCBV133,4,,6,2.025
5,UCBV133,5,,6,0.4
5,UCBV38,1,,6,1.35
5,UCBV38,2,,6,1.7875
5,UCBV38,3,,6,7.875
5,UCBV38,4,,6,2.85
5,UCBV38,5,,6,5.5625
5,UCBV05,1,,6,2.7
5,UCBV05,2,,6,1.4
5,UCBV05,3,,6,9.75
5,UCBV05,4,,6,0.125
5,UCBV05,5,,6,5.875
5,UCBV07,1,,6,1.3
5,UCBV07,2,,6,4
5,UCBV07,3,,6,0.675
5,UCBV07,4,,6,0.675
5,UCBV07,5,,6,1.025
5,CONT,1,,8,91.25
5,CONT,2,,8,100
5,CONT,3,,8,28.25
5,CONT,4,,8,10.75
5,CONT,5,,8,27.5
5,FUNG,1,,8,0.625
5,FUNG,2,,8,0.0125
5,FUNG,3,,8,0
5,FUNG,4,,8,0
5,FUNG,5,,8,0
5,UCBV101,1,,8,3.625
5,UCBV101,2,,8,81.875
5,UCBV101,3,,8,1.2
5,UCBV101,4,,8,84.375
5,UCBV101,5,,8,16
5,UCBV133,1,,8,5
5,UCBV133,2,,8,10.625
5,UCBV133,3,,8,6.625
5,UCBV133,4,,8,11.375
5,UCBV133,5,,8,2.5
5,UCBV38,1,,8,5.375
5,UCBV38,2,,8,
5,UCBV38,3,,8,6.5
5,UCBV38,4,,8,16.75
5,UCBV38,5,,8,1.775
5,UCBV05,1,,8,5.0625
5,UCBV05,2,,8,48
5,UCBV05,3,,8,0.15
5,UCBV05,4,,8,15.25
5,UCBV05,5,,8,22
5,UCBV07,1,,8,5.025
5,UCBV07,2,,8,
5,UCBV07,3,,8,0.175
5,UCBV07,4,,8,2.2625
5,UCBV07,5,,8,2.775